[2026-08-16 16:47:50.160] [info] [core] [t3280] hexic_hd starting
[2026-08-16 16:47:50.160] [info] [core] [t3280]   Game directory: C:\Users\AleemB\Downloads\Hexic_HD_Extraido
[2026-08-16 16:47:50.160] [info] [core] [t3280]   User data:      C:\Users\AleemB\Documents\hexic_hd
[2026-08-16 16:47:50.160] [info] [core] [t3280]   Cache root:     C:\Users\AleemB\Documents\hexic_hd\cache
[2026-08-16 16:47:50.161] [info] [sys] [t3280] GPU plugin 'xenos' loaded (rexgpu-xenos.dll)
[2026-08-16 16:47:50.164] [debug] [core] [t3280] Failed to load dxcompiler.dll, converted DXIL disassembly for debugging will be unavailable - if needed, download the DirectX Shader Compiler from https://github.com/microsoft/DirectXShaderCompiler/releases and place the DLL in the Xenia directory
[2026-08-16 16:47:50.176] [info] [gpu] [t3280] DXGI adapter: AMD Radeon(TM) Graphics (vendor 0x1002, device 0x1638)
[2026-08-16 16:47:50.243] [info] [gpu] [t3280] Direct3D 12 device and OS features:
* Max GPU virtual address bits per resource: 44
* Non-zeroed heap creation: yes
* Pixel-shader-specified stencil reference: yes
* Programmable sample positions: tier 2
* Rasterizer-ordered views: yes
* Resource binding: tier 3
* Tiled resources: tier 3
* Unaligned block-compressed textures: yes
[2026-08-16 16:47:50.313] [debug] [sys] [t3280] Installed MMIO handler for physical address translation
[2026-08-16 16:47:50.313] [info] [sys] [t3280] FunctionDispatcher initialized
[2026-08-16 16:47:50.313] [info] [core] [t3280] SDL: Using version 3.5.0
[2026-08-16 16:47:50.313] [info] [core] [t3280] MnK input driver initialized
[2026-08-16 16:47:50.313] [info] [sys] [t3280] Input system initialized
[2026-08-16 16:47:50.315] [debug] [apu] [t3280] XMA: Registered MMIO handlers at 0x7FEA0000-0x7FEAFFFF
[2026-08-16 16:47:50.349] [info] [sys] [t15296] XThread::Execute thid 1 (handle=F8000010, 'XMA Decoder (F8000010)', native=00003BC0, <host>)
[2026-08-16 16:47:50.349] [info] [sys] [t3280] Audio system initialized
[2026-08-16 16:47:50.349] [info] [sys] [t4480] XThread::Execute thid 2 (handle=F8000014, 'Audio Worker (F8000014)', native=00001180, <host>)
[2026-08-16 16:47:50.349] [info] [sys] [t3280]   Mounted C:\Users\AleemB\Downloads\Hexic_HD_Extraido at \Device\Harddisk0\Partition1
[2026-08-16 16:47:50.349] [debug] [fs] [t3280] Registered symbolic link: game: => \Device\Harddisk0\Partition1
[2026-08-16 16:47:50.349] [debug] [fs] [t3280] Registered symbolic link: d: => \Device\Harddisk0\Partition1
[2026-08-16 16:47:50.349] [debug] [sys] [t3280]   Registered symbolic links: game:, d:
[2026-08-16 16:47:50.349] [debug] [sys] [t3280]   Registered NullDevice for \Device\Harddisk0\{{Partition0,Cache0,Cache1}}
[2026-08-16 16:47:50.349] [info] [sys] [t6280] XThread::Execute thid 3 (handle=F8000018, 'GPU Commands (F8000018)', native=00001888, <host>)
[2026-08-16 16:47:50.349] [info] [sys] [t3280] GPU system initialized (presentation=true)
[2026-08-16 16:47:50.349] [info] [sys] [t3280] Runtime initialized successfully
[2026-08-16 16:47:50.349] [debug] [sys] [t3280] Initializing function table at 922A5000, size 00423238 for code 9204E000-9224F91C (+00010000 thunk reserve)
[2026-08-16 16:47:50.350] [info] [sys] [t6152] XThread::Execute thid 4 (handle=F800001C, 'GPU VSync (F800001C)', native=00001808, <host>)
[2026-08-16 16:47:50.351] [info] [core] [t3280] Function table initialized for module: code=9204E000-9224F91C, image=92000000-922A5000
[2026-08-16 16:47:50.352] [debug] [sys] [t3280] Registered 7508 recompiled functions (0 duplicates, 0 rejected)
[2026-08-16 16:47:50.352] [debug] [sys] [t3280] Runtime setup complete (code: 9204E000-9224F91C, image: 92000000-922A5000)
[2026-08-16 16:47:50.375] [warning] [core] [t3280] SDL GameControllerDB: file 'gamecontrollerdb.txt' does not exist.
[2026-08-16 16:47:50.375] [info] [core] [t3280] SDL input driver initialized successfully
[2026-08-16 16:47:50.375] [info] [sys] [t3280] Loading XEX image: game:\default.xex
[2026-08-16 16:47:50.375] [trace] [fs] [t3280] VFS resolved 'game:\default.xex' via symlink '\Device\Harddisk0\Partition1\default.xex' on device '\Device\Harddisk0\Partition1' -> '\Device\Harddisk0\Partition1\default.xex'
[2026-08-16 16:47:50.397] [debug] [fs] [t3280] VFS: entry not found for '\Device\Harddisk0\Partition1\default.xexp' on device '\Device\Harddisk0\Partition1'
[2026-08-16 16:47:50.397] [debug] [core] [t3280] created symbols for import library xam with 33 imports
[2026-08-16 16:47:50.397] [debug] [core] [t3280] Patched variable import xboxkrnl:0x193 (XexExecutableModuleHandle) -> 0x30006000
[2026-08-16 16:47:50.397] [debug] [core] [t3280] Patched variable import xboxkrnl:0x1ae (ExLoadedCommandLine) -> 0x30008000
[2026-08-16 16:47:50.397] [debug] [core] [t3280] Patched variable import xboxkrnl:0x59 (KeDebugMonitorData) -> 0x30002000
[2026-08-16 16:47:50.397] [debug] [core] [t3280] Patched variable import xboxkrnl:0x1b (ExThreadObjectType) -> 0x30000000
[2026-08-16 16:47:50.397] [debug] [core] [t3280] Patched variable import xboxkrnl:0xad (KeTimeStampBundle) -> 0x3000a000
[2026-08-16 16:47:50.397] [debug] [core] [t3280] Patched variable import xboxkrnl:0x266 (KeCertMonitorData) -> 0x30003000
[2026-08-16 16:47:50.397] [debug] [core] [t3280] Patched variable import xboxkrnl:0x1bf (VdGlobalXamDevice) -> 0xffcad000
[2026-08-16 16:47:50.397] [debug] [core] [t3280] Patched variable import xboxkrnl:0x1be (VdGlobalDevice) -> 0xffcae000
[2026-08-16 16:47:50.397] [debug] [core] [t3280] Patched variable import xboxkrnl:0x1c1 (VdHSIOCalibrationLock) -> 0xffcab000
[2026-08-16 16:47:50.397] [debug] [core] [t3280] Patched variable import xboxkrnl:0x1c0 (VdGpuClockInMHz) -> 0xffcac000
[2026-08-16 16:47:50.397] [debug] [core] [t3280] created symbols for import library xboxkrnl with 142 imports
[2026-08-16 16:47:50.397] [info] [sys] [t3280] Achievement store: loaded 12 entries
[2026-08-16 16:47:50.397] [info] [sys] [t14616] XThread::Execute thid 5 (handle=F8000024, 'Kernel Dispatch (F8000024)', native=00003918, <host>)
[2026-08-16 16:47:50.397] [debug] [sys] [t3280]   XEX image loaded successfully
[2026-08-16 16:47:50.400] [info] [sys] [t3280] KernelState: Preparing module launch...
[2026-08-16 16:47:50.400] [debug] [sys] [t3280]   Module prepared on thread ''
[2026-08-16 16:47:50.400] [info] [core] [t3280] Initializing shader storage for title 584107D1...
[2026-08-16 16:47:50.403] [info] [gpu] [t6280] Translated 2 shaders from the storage in 0 milliseconds
[2026-08-16 16:47:50.403] [debug] [gpu] [t6280] Creating graphics pipeline with VS 6DD9DD041F740550, PS 2B4F1D2C5EDCC366
[2026-08-16 16:47:50.404] [info] [gpu] [t6280] Created 1 graphics pipelines (not including reading the descriptions) from the storage in 0 milliseconds
[2026-08-16 16:47:50.405] [info] [gpu] [t13468] SetInterruptCallback(9209EC10, 40001600)
[2026-08-16 16:47:50.405] [trace] [gpu] [t6280] Make 00000000 -> 00000000 (0b) coherent, action = VC | TC
[2026-08-16 16:47:50.405] [trace] [gpu] [t6280] Make 1FA90000 -> 1FC90000 (2097152b) coherent, action = VC
[2026-08-16 16:47:50.405] [warning] [krnl] [t13468] __imp__KeSetPriorityThread STUB
[2026-08-16 16:47:50.406] [trace] [gpu] [t6280] Make 1FA90000 -> 1FC90000 (2097152b) coherent, action = VC
[2026-08-16 16:47:50.406] [trace] [gpu] [t6280] Make 1FA90000 -> 1FC90000 (2097152b) coherent, action = VC
[2026-08-16 16:47:50.409] [debug] [gpu] [t6280] Created a 1280x512 4xMSAA color render target with guest format 0 at EDRAM base 0
[2026-08-16 16:47:50.411] [debug] [gpu] [t6280] Created a 1280x512 4xMSAA depth render target with guest format 0 at EDRAM base 1024
[2026-08-16 16:47:50.413] [trace] [gpu] [t6280] Make 1FA90000 -> 1FC90000 (2097152b) coherent, action = VC
[2026-08-16 16:47:50.413] [trace] [gpu] [t6280] Resolve: 0,0 <= x,y < 1280,256, k_8_8_8_8 -> k_8_8_8_8 at 0x1F6F8000 (potentially modified memory range 0x1F6F8000 to 0x1F838000)
[2026-08-16 16:47:50.414] [trace] [gpu] [t6280] Make 1F6F8000 -> 1FA7D000 (3690496b) coherent, action = VC | TC
[2026-08-16 16:47:50.414] [trace] [gpu] [t6280] Make 1F6F8000 -> 1F93D000 (2379776b) coherent, action = VC | TC
[2026-08-16 16:47:50.414] [trace] [gpu] [t6280] Make 1F6F8000 -> 1F7FD000 (1069056b) coherent, action = VC | TC
[2026-08-16 16:47:50.414] [trace] [gpu] [t6280] Make 1F6F8000 -> 1FA7D000 (3690496b) coherent, action = VC | TC
[2026-08-16 16:47:50.415] [trace] [gpu] [t6280] Resolve: 0,0 <= x,y < 1280,256, k_8_8_8_8 -> k_8_8_8_8 at 0x1F838000 (potentially modified memory range 0x1F838000 to 0x1F978000)
[2026-08-16 16:47:50.416] [trace] [gpu] [t6280] Make 1F6F8000 -> 1F93D000 (2379776b) coherent, action = VC | TC
[2026-08-16 16:47:50.416] [trace] [gpu] [t6280] Make 1F6F8000 -> 1F7FD000 (1069056b) coherent, action = VC | TC
[2026-08-16 16:47:50.416] [trace] [gpu] [t6280] Make 1F6F8000 -> 1FA7D000 (3690496b) coherent, action = VC | TC
[2026-08-16 16:47:50.416] [trace] [gpu] [t6280] Make 1F6F8000 -> 1F93D000 (2379776b) coherent, action = VC | TC
[2026-08-16 16:47:50.416] [trace] [gpu] [t6280] Resolve: 0,0 <= x,y < 1280,208, k_8_8_8_8 -> k_8_8_8_8 at 0x1F978000 (potentially modified memory range 0x1F978000 to 0x1FA90000)
[2026-08-16 16:47:50.416] [trace] [gpu] [t6280] Make 1F6F8000 -> 1F7FD000 (1069056b) coherent, action = VC | TC
[2026-08-16 16:47:50.416] [trace] [gpu] [t6280] Make 1FA90000 -> 1FC90000 (2097152b) coherent, action = VC
[2026-08-16 16:47:50.417] [trace] [gpu] [t6280] Created tiled 1280x720x1 2D k_8_8_8_8 texture with 1 unpacked mip level, base at 0x1F6F8000 (pitch 1280, size 0x00398000), mips at 0x00000000 (size 0x00000000)
[2026-08-16 16:47:50.419] [trace] [gpu] [t6280] Loaded tiled 1280x720x1 2D k_8_8_8_8 texture with 1 unpacked mip level, base at 0x1F6F8000 (pitch 1280, size 0x00398000), mips at 0x00000000 (size 0x00000000)
[2026-08-16 16:47:50.420] [trace] [gpu] [t6280] Make 1FA90000 -> 1FC90000 (2097152b) coherent, action = VC
[2026-08-16 16:47:50.420] [debug] [krnl] [t13468] XamNotifyCreateListener(mask=0x000000000000002f, is_system=0, max_version=0) -> handle=F8000038
[2026-08-16 16:47:50.420] [debug] [krnl] [t13468] XAudioRegisterRenderDriverClient called! callback_ptr=7015FB00 driver_ptr=4000B228
[2026-08-16 16:47:50.420] [debug] [apu] [t13468] AudioSystem::RegisterClient: callback=92195CD8 callback_arg=4000999C
[2026-08-16 16:47:50.420] [debug] [apu] [t13468] AudioSystem::RegisterClient: using client index=0 queued_frames=8
[2026-08-16 16:47:50.444] [trace] [gpu] [t6280] Make 1FA90000 -> 1FC90000 (2097152b) coherent, action = VC
[2026-08-16 16:47:50.520] [debug] [apu] [t4480] AudioWorker: dispatching callback 92195CD8 with arg 30033000 for client 0
[2026-08-16 16:47:50.520] [debug] [krnl] [t4480] XAudioSubmitRenderDriverFrame: driver=41550000 samples=40009A10
[2026-08-16 16:47:50.520] [debug] [apu] [t4480] AudioSystem::SubmitFrame called: index=0 samples_ptr=40009A10
[2026-08-16 16:47:50.520] [debug] [apu] [t4480] SDLAudioDriver::SubmitFrame: frame_ptr=40009A10 queued_count=1
[2026-08-16 16:47:50.520] [debug] [apu] [t4480] AudioWorker: callback returned for client 0
[2026-08-16 16:47:50.520] [debug] [apu] [t4480] AudioWorker: dispatching callback 92195CD8 with arg 30033000 for client 0
[2026-08-16 16:47:50.520] [debug] [krnl] [t4480] XAudioSubmitRenderDriverFrame: driver=41550000 samples=40009A10
[2026-08-16 16:47:50.520] [debug] [apu] [t4480] AudioSystem::SubmitFrame called: index=0 samples_ptr=40009A10
[2026-08-16 16:47:50.520] [debug] [apu] [t9908] SDLCallback: no frames queued (silence)
[2026-08-16 16:47:50.520] [debug] [apu] [t4480] SDLAudioDriver::SubmitFrame: frame_ptr=40009A10 queued_count=1
[2026-08-16 16:47:50.520] [debug] [apu] [t4480] AudioWorker: callback returned for client 0
[2026-08-16 16:47:50.520] [debug] [apu] [t4480] AudioWorker: dispatching callback 92195CD8 with arg 30033000 for client 0
[2026-08-16 16:47:50.520] [debug] [krnl] [t4480] XAudioSubmitRenderDriverFrame: driver=41550000 samples=40009A10
[2026-08-16 16:47:50.520] [debug] [apu] [t4480] AudioSystem::SubmitFrame called: index=0 samples_ptr=40009A10
[2026-08-16 16:47:50.520] [debug] [apu] [t4480] SDLAudioDriver::SubmitFrame: frame_ptr=40009A10 queued_count=2
[2026-08-16 16:47:50.520] [debug] [apu] [t4480] AudioWorker: callback returned for client 0
[2026-08-16 16:47:50.520] [debug] [apu] [t4480] AudioWorker: dispatching callback 92195CD8 with arg 30033000 for client 0
[2026-08-16 16:47:50.520] [debug] [krnl] [t4480] XAudioSubmitRenderDriverFrame: driver=41550000 samples=40009A10
[2026-08-16 16:47:50.520] [debug] [apu] [t4480] AudioSystem::SubmitFrame called: index=0 samples_ptr=40009A10
[2026-08-16 16:47:50.520] [debug] [apu] [t4480] SDLAudioDriver::SubmitFrame: frame_ptr=40009A10 queued_count=3
[2026-08-16 16:47:50.520] [debug] [apu] [t4480] AudioWorker: callback returned for client 0
[2026-08-16 16:47:50.520] [debug] [apu] [t4480] AudioWorker: dispatching callback 92195CD8 with arg 30033000 for client 0
[2026-08-16 16:47:50.520] [debug] [krnl] [t4480] XAudioSubmitRenderDriverFrame: driver=41550000 samples=40009A10
[2026-08-16 16:47:50.520] [debug] [apu] [t4480] AudioSystem::SubmitFrame called: index=0 samples_ptr=40009A10
[2026-08-16 16:47:50.520] [debug] [apu] [t4480] SDLAudioDriver::SubmitFrame: frame_ptr=40009A10 queued_count=4
[2026-08-16 16:47:50.520] [debug] [apu] [t4480] AudioWorker: callback returned for client 0
[2026-08-16 16:47:50.520] [debug] [apu] [t4480] AudioWorker: dispatching callback 92195CD8 with arg 30033000 for client 0
[2026-08-16 16:47:50.520] [debug] [krnl] [t4480] XAudioSubmitRenderDriverFrame: driver=41550000 samples=40009A10
[2026-08-16 16:47:50.520] [debug] [apu] [t4480] AudioSystem::SubmitFrame called: index=0 samples_ptr=40009A10
[2026-08-16 16:47:50.520] [debug] [apu] [t4480] SDLAudioDriver::SubmitFrame: frame_ptr=40009A10 queued_count=5
[2026-08-16 16:47:50.520] [debug] [apu] [t4480] AudioWorker: callback returned for client 0
[2026-08-16 16:47:50.520] [debug] [apu] [t4480] AudioWorker: dispatching callback 92195CD8 with arg 30033000 for client 0
[2026-08-16 16:47:50.520] [debug] [krnl] [t4480] XAudioSubmitRenderDriverFrame: driver=41550000 samples=40009A10
[2026-08-16 16:47:50.520] [debug] [apu] [t4480] AudioSystem::SubmitFrame called: index=0 samples_ptr=40009A10
[2026-08-16 16:47:50.520] [debug] [apu] [t4480] SDLAudioDriver::SubmitFrame: frame_ptr=40009A10 queued_count=6
[2026-08-16 16:47:50.520] [debug] [apu] [t4480] AudioWorker: callback returned for client 0
[2026-08-16 16:47:50.520] [debug] [apu] [t4480] AudioWorker: dispatching callback 92195CD8 with arg 30033000 for client 0
[2026-08-16 16:47:50.520] [debug] [krnl] [t4480] XAudioSubmitRenderDriverFrame: driver=41550000 samples=40009A10
[2026-08-16 16:47:50.520] [debug] [apu] [t4480] AudioSystem::SubmitFrame called: index=0 samples_ptr=40009A10
[2026-08-16 16:47:50.520] [debug] [apu] [t4480] SDLAudioDriver::SubmitFrame: frame_ptr=40009A10 queued_count=7
[2026-08-16 16:47:50.520] [debug] [apu] [t4480] AudioWorker: callback returned for client 0
[2026-08-16 16:47:50.520] [debug] [apu] [t4480] AudioWorker: dispatching callback 92195CD8 with arg 30033000 for client 0
[2026-08-16 16:47:50.520] [debug] [krnl] [t4480] XAudioSubmitRenderDriverFrame: driver=41550000 samples=40009A10
[2026-08-16 16:47:50.520] [debug] [apu] [t4480] AudioSystem::SubmitFrame called: index=0 samples_ptr=40009A10
[2026-08-16 16:47:50.520] [debug] [apu] [t4480] SDLAudioDriver::SubmitFrame: frame_ptr=40009A10 queued_count=8
[2026-08-16 16:47:50.520] [debug] [apu] [t4480] AudioWorker: callback returned for client 0
[2026-08-16 16:47:50.528] [debug] [apu] [t4480] AudioWorker: dispatching callback 92195CD8 with arg 30033000 for client 0
[2026-08-16 16:47:50.528] [debug] [krnl] [t4480] XAudioSubmitRenderDriverFrame: driver=41550000 samples=40009A10
[2026-08-16 16:47:50.528] [debug] [apu] [t4480] AudioSystem::SubmitFrame called: index=0 samples_ptr=40009A10
[2026-08-16 16:47:50.528] [debug] [apu] [t4480] SDLAudioDriver::SubmitFrame: frame_ptr=40009A10 queued_count=7
[2026-08-16 16:47:50.528] [debug] [apu] [t4480] AudioWorker: callback returned for client 0
[2026-08-16 16:47:50.556] [trace] [gpu] [t6280] Make 1FA90000 -> 1FC90000 (2097152b) coherent, action = VC
[2026-08-16 16:47:50.562] [trace] [fs] [t13468] VFS resolved 'game:\' via symlink '\Device\Harddisk0\Partition1' on device '\Device\Harddisk0\Partition1' -> '\Device\Harddisk0\Partition1'
[2026-08-16 16:47:50.575] [trace] [krnl] [t13468] [NtResumeThread] handle=F800003C thread=
[2026-08-16 16:47:50.575] [trace] [krnl] [t13468] [NtResumeThread] -> 0x0 suspend_count=1
[2026-08-16 16:47:50.575] [trace] [fs] [t14964] VFS resolved 'game:\' via symlink '\Device\Harddisk0\Partition1' on device '\Device\Harddisk0\Partition1' -> '\Device\Harddisk0\Partition1'
[2026-08-16 16:47:50.589] [trace] [gpu] [t6280] Make 186A9000 -> 1FC9A000 (123670528b) coherent, action = VC | TC
[2026-08-16 16:47:50.589] [trace] [gpu] [t6280] Make 1FA90000 -> 1FC90000 (2097152b) coherent, action = VC
[2026-08-16 16:47:50.589] [trace] [gpu] [t6280] Make 1FA90000 -> 1FC90000 (2097152b) coherent, action = VC
[2026-08-16 16:47:50.589] [trace] [gpu] [t6280] Resolve: 0,0 <= x,y < 1280,256, k_8_8_8_8 -> k_8_8_8_8 at 0x1F360000 (potentially modified memory range 0x1F360000 to 0x1F4A0000)
[2026-08-16 16:47:50.589] [debug] [gpu] [t8056] Creating graphics pipeline with VS 29B0AF926814154D, PS 18F806CFDAD88128
[2026-08-16 16:47:50.591] [trace] [gpu] [t6280] Make 1F360000 -> 1F6E5000 (3690496b) coherent, action = VC | TC
[2026-08-16 16:47:50.592] [trace] [gpu] [t6280] Make 1F360000 -> 1F5A5000 (2379776b) coherent, action = VC | TC
[2026-08-16 16:47:50.592] [trace] [gpu] [t6280] Make 1F360000 -> 1F465000 (1069056b) coherent, action = VC | TC
[2026-08-16 16:47:50.593] [trace] [gpu] [t6280] Created linear 256x1x1 2D k_8_8_8_8 texture with 1 unpacked mip level, base at 0x1FC97000 (pitch 256, size 0x00000400), mips at 0x00000000 (size 0x00000000)
[2026-08-16 16:47:50.595] [trace] [gpu] [t6280] Loaded linear 256x1x1 2D k_8_8_8_8 texture with 1 unpacked mip level, base at 0x1FC97000 (pitch 256, size 0x00000400), mips at 0x00000000 (size 0x00000000)
[2026-08-16 16:47:50.595] [trace] [gpu] [t6280] Created linear 256x1x1 2D k_8_8_8_8 texture with 1 unpacked mip level, base at 0x1FC96000 (pitch 256, size 0x00000400), mips at 0x00000000 (size 0x00000000)
[2026-08-16 16:47:50.595] [trace] [gpu] [t6280] Loaded linear 256x1x1 2D k_8_8_8_8 texture with 1 unpacked mip level, base at 0x1FC96000 (pitch 256, size 0x00000400), mips at 0x00000000 (size 0x00000000)
[2026-08-16 16:47:50.596] [trace] [gpu] [t6280] Created linear 256x1x1 2D k_8_8_8_8 texture with 1 unpacked mip level, base at 0x1FC95000 (pitch 256, size 0x00000400), mips at 0x00000000 (size 0x00000000)
[2026-08-16 16:47:50.596] [trace] [gpu] [t6280] Loaded linear 256x1x1 2D k_8_8_8_8 texture with 1 unpacked mip level, base at 0x1FC95000 (pitch 256, size 0x00000400), mips at 0x00000000 (size 0x00000000)
[2026-08-16 16:47:50.596] [trace] [gpu] [t6280] Created linear 256x1x1 2D k_8_8_8_8 texture with 1 unpacked mip level, base at 0x1FC94000 (pitch 256, size 0x00000400), mips at 0x00000000 (size 0x00000000)
[2026-08-16 16:47:50.596] [trace] [gpu] [t6280] Loaded linear 256x1x1 2D k_8_8_8_8 texture with 1 unpacked mip level, base at 0x1FC94000 (pitch 256, size 0x00000400), mips at 0x00000000 (size 0x00000000)
[2026-08-16 16:47:50.597] [trace] [gpu] [t6280] Make 1F360000 -> 1F6E5000 (3690496b) coherent, action = VC | TC
[2026-08-16 16:47:50.597] [trace] [gpu] [t6280] Resolve: 0,0 <= x,y < 1280,256, k_8_8_8_8 -> k_8_8_8_8 at 0x1F4A0000 (potentially modified memory range 0x1F4A0000 to 0x1F5E0000)
[2026-08-16 16:47:50.598] [trace] [gpu] [t6280] Make 1F360000 -> 1F5A5000 (2379776b) coherent, action = VC | TC
[2026-08-16 16:47:50.598] [trace] [gpu] [t6280] Make 1F360000 -> 1F465000 (1069056b) coherent, action = VC | TC
[2026-08-16 16:47:50.598] [trace] [gpu] [t6280] Make 1F360000 -> 1F6E5000 (3690496b) coherent, action = VC | TC
[2026-08-16 16:47:50.598] [trace] [gpu] [t6280] Make 1F360000 -> 1F5A5000 (2379776b) coherent, action = VC | TC
[2026-08-16 16:47:50.598] [trace] [gpu] [t6280] Resolve: 0,0 <= x,y < 1280,208, k_8_8_8_8 -> k_8_8_8_8 at 0x1F5E0000 (potentially modified memory range 0x1F5E0000 to 0x1F6F8000)
[2026-08-16 16:47:50.598] [trace] [gpu] [t6280] Make 1F360000 -> 1F465000 (1069056b) coherent, action = VC | TC
[2026-08-16 16:47:50.598] [trace] [gpu] [t6280] Make 1FA90000 -> 1FC90000 (2097152b) coherent, action = VC
[2026-08-16 16:47:50.621] [trace] [gpu] [t6280] Created tiled 1280x720x1 2D k_8_8_8_8 texture with 1 unpacked mip level, base at 0x1F360000 (pitch 1280, size 0x00398000), mips at 0x00000000 (size 0x00000000)
[2026-08-16 16:47:50.621] [trace] [gpu] [t6280] Loaded tiled 1280x720x1 2D k_8_8_8_8 texture with 1 unpacked mip level, base at 0x1F360000 (pitch 1280, size 0x00398000), mips at 0x00000000 (size 0x00000000)
[2026-08-16 16:47:50.621] [trace] [gpu] [t6280] Make 1FA90000 -> 1FC90000 (2097152b) coherent, action = VC
[2026-08-16 16:47:50.622] [trace] [gpu] [t6280] Make 1FA90000 -> 1FC90000 (2097152b) coherent, action = VC
[2026-08-16 16:47:50.622] [trace] [gpu] [t6280] Resolve: 0,0 <= x,y < 1280,256, k_8_8_8_8 -> k_8_8_8_8 at 0x1F6F8000 (potentially modified memory range 0x1F6F8000 to 0x1F838000)
[2026-08-16 16:47:50.622] [trace] [gpu] [t6280] Make 1F6F8000 -> 1FA7D000 (3690496b) coherent, action = VC | TC
[2026-08-16 16:47:50.622] [trace] [gpu] [t6280] Make 1F6F8000 -> 1F93D000 (2379776b) coherent, action = VC | TC
[2026-08-16 16:47:50.622] [trace] [gpu] [t6280] Make 1F6F8000 -> 1F7FD000 (1069056b) coherent, action = VC | TC
[2026-08-16 16:47:50.622] [trace] [gpu] [t6280] Make 1F6F8000 -> 1FA7D000 (3690496b) coherent, action = VC | TC
[2026-08-16 16:47:50.622] [trace] [gpu] [t6280] Resolve: 0,0 <= x,y < 1280,256, k_8_8_8_8 -> k_8_8_8_8 at 0x1F838000 (potentially modified memory range 0x1F838000 to 0x1F978000)
[2026-08-16 16:47:50.622] [trace] [gpu] [t6280] Make 1F6F8000 -> 1F93D000 (2379776b) coherent, action = VC | TC
[2026-08-16 16:47:50.622] [trace] [gpu] [t6280] Make 1F6F8000 -> 1F7FD000 (1069056b) coherent, action = VC | TC
[2026-08-16 16:47:50.622] [trace] [gpu] [t6280] Make 1F6F8000 -> 1FA7D000 (3690496b) coherent, action = VC | TC
[2026-08-16 16:47:50.622] [trace] [gpu] [t6280] Make 1F6F8000 -> 1F93D000 (2379776b) coherent, action = VC | TC
[2026-08-16 16:47:50.622] [trace] [gpu] [t6280] Resolve: 0,0 <= x,y < 1280,208, k_8_8_8_8 -> k_8_8_8_8 at 0x1F978000 (potentially modified memory range 0x1F978000 to 0x1FA90000)
[2026-08-16 16:47:50.622] [trace] [gpu] [t6280] Make 1F6F8000 -> 1F7FD000 (1069056b) coherent, action = VC | TC
[2026-08-16 16:47:50.622] [trace] [gpu] [t6280] Make 1FA90000 -> 1FC90000 (2097152b) coherent, action = VC
[2026-08-16 16:47:50.651] [trace] [gpu] [t6280] Loaded tiled 1280x720x1 2D k_8_8_8_8 texture with 1 unpacked mip level, base at 0x1F6F8000 (pitch 1280, size 0x00398000), mips at 0x00000000 (size 0x00000000)
[2026-08-16 16:47:50.652] [trace] [gpu] [t6280] Make 18327000 -> 1FC9A000 (127348736b) coherent, action = VC | TC
[2026-08-16 16:47:50.652] [trace] [gpu] [t6280] Make 1FA90000 -> 1FC90000 (2097152b) coherent, action = VC
[2026-08-16 16:47:50.652] [trace] [gpu] [t6280] Make 1FA90000 -> 1FC90000 (2097152b) coherent, action = VC
[2026-08-16 16:47:50.652] [trace] [gpu] [t6280] Resolve: 0,0 <= x,y < 1280,256, k_8_8_8_8 -> k_8_8_8_8 at 0x1F360000 (potentially modified memory range 0x1F360000 to 0x1F4A0000)
[2026-08-16 16:47:50.652] [trace] [gpu] [t6280] Make 1F360000 -> 1F6E5000 (3690496b) coherent, action = VC | TC
[2026-08-16 16:47:50.652] [trace] [gpu] [t6280] Make 1F360000 -> 1F5A5000 (2379776b) coherent, action = VC | TC
[2026-08-16 16:47:50.652] [trace] [gpu] [t6280] Make 1F360000 -> 1F465000 (1069056b) coherent, action = VC | TC
[2026-08-16 16:47:50.652] [trace] [gpu] [t6280] Make 1F360000 -> 1F6E5000 (3690496b) coherent, action = VC | TC
[2026-08-16 16:47:50.652] [trace] [gpu] [t6280] Resolve: 0,0 <= x,y < 1280,256, k_8_8_8_8 -> k_8_8_8_8 at 0x1F4A0000 (potentially modified memory range 0x1F4A0000 to 0x1F5E0000)
[2026-08-16 16:47:50.652] [trace] [gpu] [t6280] Make 1F360000 -> 1F5A5000 (2379776b) coherent, action = VC | TC
[2026-08-16 16:47:50.652] [trace] [gpu] [t6280] Make 1F360000 -> 1F465000 (1069056b) coherent, action = VC | TC
[2026-08-16 16:47:50.652] [trace] [gpu] [t6280] Make 1F360000 -> 1F6E5000 (3690496b) coherent, action = VC | TC
[2026-08-16 16:47:50.652] [trace] [gpu] [t6280] Make 1F360000 -> 1F5A5000 (2379776b) coherent, action = VC | TC
[2026-08-16 16:47:50.652] [trace] [gpu] [t6280] Resolve: 0,0 <= x,y < 1280,208, k_8_8_8_8 -> k_8_8_8_8 at 0x1F5E0000 (potentially modified memory range 0x1F5E0000 to 0x1F6F8000)
[2026-08-16 16:47:50.652] [trace] [gpu] [t6280] Make 1F360000 -> 1F465000 (1069056b) coherent, action = VC | TC
[2026-08-16 16:47:50.652] [trace] [gpu] [t6280] Make 1FA90000 -> 1FC90000 (2097152b) coherent, action = VC
[2026-08-16 16:47:50.697] [trace] [gpu] [t6280] Loaded tiled 1280x720x1 2D k_8_8_8_8 texture with 1 unpacked mip level, base at 0x1F360000 (pitch 1280, size 0x00398000), mips at 0x00000000 (size 0x00000000)
[2026-08-16 16:47:50.697] [trace] [gpu] [t6280] Make 1818A000 -> 1FC9A000 (129040384b) coherent, action = VC | TC
[2026-08-16 16:47:50.697] [trace] [gpu] [t6280] Make 1FA90000 -> 1FC90000 (2097152b) coherent, action = VC
[2026-08-16 16:47:50.697] [trace] [gpu] [t6280] Make 1FA90000 -> 1FC90000 (2097152b) coherent, action = VC
[2026-08-16 16:47:50.697] [trace] [gpu] [t6280] Resolve: 0,0 <= x,y < 1280,256, k_8_8_8_8 -> k_8_8_8_8 at 0x1F6F8000 (potentially modified memory range 0x1F6F8000 to 0x1F838000)
[2026-08-16 16:47:50.697] [trace] [gpu] [t6280] Make 1F6F8000 -> 1FA7D000 (3690496b) coherent, action = VC | TC
[2026-08-16 16:47:50.697] [trace] [gpu] [t6280] Make 1F6F8000 -> 1F93D000 (2379776b) coherent, action = VC | TC
[2026-08-16 16:47:50.697] [trace] [gpu] [t6280] Make 1F6F8000 -> 1F7FD000 (1069056b) coherent, action = VC | TC
[2026-08-16 16:47:50.697] [trace] [gpu] [t6280] Make 1F6F8000 -> 1FA7D000 (3690496b) coherent, action = VC | TC
[2026-08-16 16:47:50.697] [trace] [gpu] [t6280] Resolve: 0,0 <= x,y < 1280,256, k_8_8_8_8 -> k_8_8_8_8 at 0x1F838000 (potentially modified memory range 0x1F838000 to 0x1F978000)
[2026-08-16 16:47:50.697] [trace] [gpu] [t6280] Make 1F6F8000 -> 1F93D000 (2379776b) coherent, action = VC | TC
[2026-08-16 16:47:50.697] [trace] [gpu] [t6280] Make 1F6F8000 -> 1F7FD000 (1069056b) coherent, action = VC | TC
[2026-08-16 16:47:50.697] [trace] [gpu] [t6280] Make 1F6F8000 -> 1FA7D000 (3690496b) coherent, action = VC | TC
[2026-08-16 16:47:50.697] [trace] [gpu] [t6280] Make 1F6F8000 -> 1F93D000 (2379776b) coherent, action = VC | TC
[2026-08-16 16:47:50.697] [trace] [gpu] [t6280] Resolve: 0,0 <= x,y < 1280,208, k_8_8_8_8 -> k_8_8_8_8 at 0x1F978000 (potentially modified memory range 0x1F978000 to 0x1FA90000)
[2026-08-16 16:47:50.697] [trace] [gpu] [t6280] Make 1F6F8000 -> 1F7FD000 (1069056b) coherent, action = VC | TC
[2026-08-16 16:47:50.697] [trace] [gpu] [t6280] Make 1FA90000 -> 1FC90000 (2097152b) coherent, action = VC
[2026-08-16 16:47:50.729] [trace] [gpu] [t6280] Loaded tiled 1280x720x1 2D k_8_8_8_8 texture with 1 unpacked mip level, base at 0x1F6F8000 (pitch 1280, size 0x00398000), mips at 0x00000000 (size 0x00000000)
[2026-08-16 16:47:50.729] [trace] [gpu] [t6280] Make 180E3000 -> 1FC9A000 (129724416b) coherent, action = VC | TC
[2026-08-16 16:47:50.729] [trace] [gpu] [t6280] Make 1FA90000 -> 1FC90000 (2097152b) coherent, action = VC
[2026-08-16 16:47:50.729] [trace] [gpu] [t6280] Make 1FA90000 -> 1FC90000 (2097152b) coherent, action = VC
[2026-08-16 16:47:50.729] [trace] [gpu] [t6280] Resolve: 0,0 <= x,y < 1280,256, k_8_8_8_8 -> k_8_8_8_8 at 0x1F360000 (potentially modified memory range 0x1F360000 to 0x1F4A0000)
[2026-08-16 16:47:50.729] [trace] [gpu] [t6280] Make 1F360000 -> 1F6E5000 (3690496b) coherent, action = VC | TC
[2026-08-16 16:47:50.729] [trace] [gpu] [t6280] Make 1F360000 -> 1F5A5000 (2379776b) coherent, action = VC | TC
[2026-08-16 16:47:50.729] [trace] [gpu] [t6280] Make 1F360000 -> 1F465000 (1069056b) coherent, action = VC | TC
[2026-08-16 16:47:50.729] [trace] [gpu] [t6280] Make 1F360000 -> 1F6E5000 (3690496b) coherent, action = VC | TC
[2026-08-16 16:47:50.729] [trace] [gpu] [t6280] Resolve: 0,0 <= x,y < 1280,256, k_8_8_8_8 -> k_8_8_8_8 at 0x1F4A0000 (potentially modified memory range 0x1F4A0000 to 0x1F5E0000)
[2026-08-16 16:47:50.729] [trace] [gpu] [t6280] Make 1F360000 -> 1F5A5000 (2379776b) coherent, action = VC | TC
[2026-08-16 16:47:50.729] [trace] [gpu] [t6280] Make 1F360000 -> 1F465000 (1069056b) coherent, action = VC | TC
[2026-08-16 16:47:50.729] [trace] [gpu] [t6280] Make 1F360000 -> 1F6E5000 (3690496b) coherent, action = VC | TC
[2026-08-16 16:47:50.729] [trace] [gpu] [t6280] Make 1F360000 -> 1F5A5000 (2379776b) coherent, action = VC | TC
[2026-08-16 16:47:50.729] [trace] [gpu] [t6280] Resolve: 0,0 <= x,y < 1280,208, k_8_8_8_8 -> k_8_8_8_8 at 0x1F5E0000 (potentially modified memory range 0x1F5E0000 to 0x1F6F8000)
[2026-08-16 16:47:50.729] [trace] [gpu] [t6280] Make 1F360000 -> 1F465000 (1069056b) coherent, action = VC | TC
[2026-08-16 16:47:50.729] [trace] [gpu] [t6280] Make 1FA90000 -> 1FC90000 (2097152b) coherent, action = VC
[2026-08-16 16:47:50.760] [trace] [gpu] [t6280] Loaded tiled 1280x720x1 2D k_8_8_8_8 texture with 1 unpacked mip level, base at 0x1F360000 (pitch 1280, size 0x00398000), mips at 0x00000000 (size 0x00000000)
[2026-08-16 16:47:50.760] [trace] [gpu] [t6280] Make 18018000 -> 1FC9A000 (130555904b) coherent, action = VC | TC
[2026-08-16 16:47:50.760] [trace] [gpu] [t6280] Make 1FA90000 -> 1FC90000 (2097152b) coherent, action = VC
[2026-08-16 16:47:50.760] [trace] [gpu] [t6280] Make 1FA90000 -> 1FC90000 (2097152b) coherent, action = VC
[2026-08-16 16:47:50.760] [trace] [gpu] [t6280] Resolve: 0,0 <= x,y < 1280,256, k_8_8_8_8 -> k_8_8_8_8 at 0x1F6F8000 (potentially modified memory range 0x1F6F8000 to 0x1F838000)
[2026-08-16 16:47:50.760] [trace] [gpu] [t6280] Make 1F6F8000 -> 1FA7D000 (3690496b) coherent, action = VC | TC
[2026-08-16 16:47:50.760] [trace] [gpu] [t6280] Make 1F6F8000 -> 1F93D000 (2379776b) coherent, action = VC | TC
[2026-08-16 16:47:50.760] [trace] [gpu] [t6280] Make 1F6F8000 -> 1F7FD000 (1069056b) coherent, action = VC | TC
[2026-08-16 16:47:50.760] [trace] [gpu] [t6280] Make 1F6F8000 -> 1FA7D000 (3690496b) coherent, action = VC | TC
[2026-08-16 16:47:50.760] [trace] [gpu] [t6280] Resolve: 0,0 <= x,y < 1280,256, k_8_8_8_8 -> k_8_8_8_8 at 0x1F838000 (potentially modified memory range 0x1F838000 to 0x1F978000)
[2026-08-16 16:47:50.760] [trace] [gpu] [t6280] Make 1F6F8000 -> 1F93D000 (2379776b) coherent, action = VC | TC
[2026-08-16 16:47:50.760] [trace] [gpu] [t6280] Make 1F6F8000 -> 1F7FD000 (1069056b) coherent, action = VC | TC
[2026-08-16 16:47:50.760] [trace] [gpu] [t6280] Make 1F6F8000 -> 1FA7D000 (3690496b) coherent, action = VC | TC
[2026-08-16 16:47:50.760] [trace] [gpu] [t6280] Make 1F6F8000 -> 1F93D000 (2379776b) coherent, action = VC | TC
[2026-08-16 16:47:50.760] [trace] [gpu] [t6280] Resolve: 0,0 <= x,y < 1280,208, k_8_8_8_8 -> k_8_8_8_8 at 0x1F978000 (potentially modified memory range 0x1F978000 to 0x1FA90000)
[2026-08-16 16:47:50.760] [trace] [gpu] [t6280] Make 1F6F8000 -> 1F7FD000 (1069056b) coherent, action = VC | TC
[2026-08-16 16:47:50.760] [trace] [gpu] [t6280] Make 1FA90000 -> 1FC90000 (2097152b) coherent, action = VC
[2026-08-16 16:47:50.791] [trace] [gpu] [t6280] Loaded tiled 1280x720x1 2D k_8_8_8_8 texture with 1 unpacked mip level, base at 0x1F6F8000 (pitch 1280, size 0x00398000), mips at 0x00000000 (size 0x00000000)
[2026-08-16 16:47:50.792] [trace] [gpu] [t6280] Make 17FC5000 -> 1FC9A000 (130895872b) coherent, action = VC | TC
[2026-08-16 16:47:50.792] [trace] [gpu] [t6280] Make 1FA90000 -> 1FC90000 (2097152b) coherent, action = VC
[2026-08-16 16:47:50.792] [trace] [gpu] [t6280] Make 1FA90000 -> 1FC90000 (2097152b) coherent, action = VC
[2026-08-16 16:47:50.792] [trace] [gpu] [t6280] Resolve: 0,0 <= x,y < 1280,256, k_8_8_8_8 -> k_8_8_8_8 at 0x1F360000 (potentially modified memory range 0x1F360000 to 0x1F4A0000)
[2026-08-16 16:47:50.792] [trace] [gpu] [t6280] Make 1F360000 -> 1F6E5000 (3690496b) coherent, action = VC | TC
[2026-08-16 16:47:50.792] [trace] [gpu] [t6280] Make 1F360000 -> 1F5A5000 (2379776b) coherent, action = VC | TC
[2026-08-16 16:47:50.792] [trace] [gpu] [t6280] Make 1F360000 -> 1F465000 (1069056b) coherent, action = VC | TC
[2026-08-16 16:47:50.792] [trace] [gpu] [t6280] Make 1F360000 -> 1F6E5000 (3690496b) coherent, action = VC | TC
[2026-08-16 16:47:50.792] [trace] [gpu] [t6280] Resolve: 0,0 <= x,y < 1280,256, k_8_8_8_8 -> k_8_8_8_8 at 0x1F4A0000 (potentially modified memory range 0x1F4A0000 to 0x1F5E0000)
[2026-08-16 16:47:50.792] [trace] [gpu] [t6280] Make 1F360000 -> 1F5A5000 (2379776b) coherent, action = VC | TC
[2026-08-16 16:47:50.792] [trace] [gpu] [t6280] Make 1F360000 -> 1F465000 (1069056b) coherent, action = VC | TC
[2026-08-16 16:47:50.792] [trace] [gpu] [t6280] Make 1F360000 -> 1F6E5000 (3690496b) coherent, action = VC | TC
[2026-08-16 16:47:50.792] [trace] [gpu] [t6280] Make 1F360000 -> 1F5A5000 (2379776b) coherent, action = VC | TC
[2026-08-16 16:47:50.792] [trace] [gpu] [t6280] Resolve: 0,0 <= x,y < 1280,208, k_8_8_8_8 -> k_8_8_8_8 at 0x1F5E0000 (potentially modified memory range 0x1F5E0000 to 0x1F6F8000)
[2026-08-16 16:47:50.792] [trace] [gpu] [t6280] Make 1F360000 -> 1F465000 (1069056b) coherent, action = VC | TC
[2026-08-16 16:47:50.792] [trace] [gpu] [t6280] Make 1FA90000 -> 1FC90000 (2097152b) coherent, action = VC
[2026-08-16 16:47:50.822] [trace] [gpu] [t6280] Loaded tiled 1280x720x1 2D k_8_8_8_8 texture with 1 unpacked mip level, base at 0x1F360000 (pitch 1280, size 0x00398000), mips at 0x00000000 (size 0x00000000)
[2026-08-16 16:47:50.822] [trace] [gpu] [t6280] Make 17EED000 -> 1FC9A000 (131780608b) coherent, action = VC | TC
[2026-08-16 16:47:50.822] [trace] [gpu] [t6280] Make 1FA90000 -> 1FC90000 (2097152b) coherent, action = VC
[2026-08-16 16:47:50.823] [trace] [gpu] [t6280] Make 1FA90000 -> 1FC90000 (2097152b) coherent, action = VC
[2026-08-16 16:47:50.823] [trace] [gpu] [t6280] Resolve: 0,0 <= x,y < 1280,256, k_8_8_8_8 -> k_8_8_8_8 at 0x1F6F8000 (potentially modified memory range 0x1F6F8000 to 0x1F838000)
[2026-08-16 16:47:50.823] [trace] [gpu] [t6280] Make 1F6F8000 -> 1FA7D000 (3690496b) coherent, action = VC | TC
[2026-08-16 16:47:50.823] [trace] [gpu] [t6280] Make 1F6F8000 -> 1F93D000 (2379776b) coherent, action = VC | TC
[2026-08-16 16:47:50.823] [trace] [gpu] [t6280] Make 1F6F8000 -> 1F7FD000 (1069056b) coherent, action = VC | TC
[2026-08-16 16:47:50.823] [trace] [gpu] [t6280] Make 1F6F8000 -> 1FA7D000 (3690496b) coherent, action = VC | TC
[2026-08-16 16:47:50.823] [trace] [gpu] [t6280] Resolve: 0,0 <= x,y < 1280,256, k_8_8_8_8 -> k_8_8_8_8 at 0x1F838000 (potentially modified memory range 0x1F838000 to 0x1F978000)
[2026-08-16 16:47:50.823] [trace] [gpu] [t6280] Make 1F6F8000 -> 1F93D000 (2379776b) coherent, action = VC | TC
[2026-08-16 16:47:50.823] [trace] [gpu] [t6280] Make 1F6F8000 -> 1F7FD000 (1069056b) coherent, action = VC | TC
[2026-08-16 16:47:50.823] [trace] [gpu] [t6280] Make 1F6F8000 -> 1FA7D000 (3690496b) coherent, action = VC | TC
[2026-08-16 16:47:50.823] [trace] [gpu] [t6280] Make 1F6F8000 -> 1F93D000 (2379776b) coherent, action = VC | TC
[2026-08-16 16:47:50.823] [trace] [gpu] [t6280] Resolve: 0,0 <= x,y < 1280,208, k_8_8_8_8 -> k_8_8_8_8 at 0x1F978000 (potentially modified memory range 0x1F978000 to 0x1FA90000)
[2026-08-16 16:47:50.823] [trace] [gpu] [t6280] Make 1F6F8000 -> 1F7FD000 (1069056b) coherent, action = VC | TC
[2026-08-16 16:47:50.823] [trace] [gpu] [t6280] Make 1FA90000 -> 1FC90000 (2097152b) coherent, action = VC
[2026-08-16 16:47:50.854] [trace] [gpu] [t6280] Loaded tiled 1280x720x1 2D k_8_8_8_8 texture with 1 unpacked mip level, base at 0x1F6F8000 (pitch 1280, size 0x00398000), mips at 0x00000000 (size 0x00000000)
[2026-08-16 16:47:50.854] [trace] [gpu] [t6280] Make 17E6E000 -> 1FC9A000 (132300800b) coherent, action = VC | TC
[2026-08-16 16:47:50.854] [trace] [gpu] [t6280] Make 1FA90000 -> 1FC90000 (2097152b) coherent, action = VC
[2026-08-16 16:47:50.854] [trace] [gpu] [t6280] Make 1FA90000 -> 1FC90000 (2097152b) coherent, action = VC
[2026-08-16 16:47:50.854] [trace] [gpu] [t6280] Resolve: 0,0 <= x,y < 1280,256, k_8_8_8_8 -> k_8_8_8_8 at 0x1F360000 (potentially modified memory range 0x1F360000 to 0x1F4A0000)
[2026-08-16 16:47:50.854] [trace] [gpu] [t6280] Make 1F360000 -> 1F6E5000 (3690496b) coherent, action = VC | TC
[2026-08-16 16:47:50.854] [trace] [gpu] [t6280] Make 1F360000 -> 1F5A5000 (2379776b) coherent, action = VC | TC
[2026-08-16 16:47:50.854] [trace] [gpu] [t6280] Make 1F360000 -> 1F465000 (1069056b) coherent, action = VC | TC
[2026-08-16 16:47:50.854] [trace] [gpu] [t6280] Make 1F360000 -> 1F6E5000 (3690496b) coherent, action = VC | TC
[2026-08-16 16:47:50.854] [trace] [gpu] [t6280] Resolve: 0,0 <= x,y < 1280,256, k_8_8_8_8 -> k_8_8_8_8 at 0x1F4A0000 (potentially modified memory range 0x1F4A0000 to 0x1F5E0000)
[2026-08-16 16:47:50.854] [trace] [gpu] [t6280] Make 1F360000 -> 1F5A5000 (2379776b) coherent, action = VC | TC
[2026-08-16 16:47:50.854] [trace] [gpu] [t6280] Make 1F360000 -> 1F465000 (1069056b) coherent, action = VC | TC
[2026-08-16 16:47:50.854] [trace] [gpu] [t6280] Make 1F360000 -> 1F6E5000 (3690496b) coherent, action = VC | TC
[2026-08-16 16:47:50.854] [trace] [gpu] [t6280] Make 1F360000 -> 1F5A5000 (2379776b) coherent, action = VC | TC
[2026-08-16 16:47:50.854] [trace] [gpu] [t6280] Resolve: 0,0 <= x,y < 1280,208, k_8_8_8_8 -> k_8_8_8_8 at 0x1F5E0000 (potentially modified memory range 0x1F5E0000 to 0x1F6F8000)
[2026-08-16 16:47:50.854] [trace] [gpu] [t6280] Make 1F360000 -> 1F465000 (1069056b) coherent, action = VC | TC
[2026-08-16 16:47:50.854] [trace] [gpu] [t6280] Make 1FA90000 -> 1FC90000 (2097152b) coherent, action = VC
[2026-08-16 16:47:50.886] [trace] [gpu] [t6280] Loaded tiled 1280x720x1 2D k_8_8_8_8 texture with 1 unpacked mip level, base at 0x1F360000 (pitch 1280, size 0x00398000), mips at 0x00000000 (size 0x00000000)
[2026-08-16 16:47:50.886] [trace] [gpu] [t6280] Make 17DEF000 -> 1FC9A000 (132820992b) coherent, action = VC | TC
[2026-08-16 16:47:50.886] [trace] [gpu] [t6280] Make 1FA90000 -> 1FC90000 (2097152b) coherent, action = VC
[2026-08-16 16:47:50.886] [trace] [gpu] [t6280] Make 1FA90000 -> 1FC90000 (2097152b) coherent, action = VC
[2026-08-16 16:47:50.886] [trace] [gpu] [t6280] Resolve: 0,0 <= x,y < 1280,256, k_8_8_8_8 -> k_8_8_8_8 at 0x1F6F8000 (potentially modified memory range 0x1F6F8000 to 0x1F838000)
[2026-08-16 16:47:50.886] [trace] [gpu] [t6280] Make 1F6F8000 -> 1FA7D000 (3690496b) coherent, action = VC | TC
[2026-08-16 16:47:50.886] [trace] [gpu] [t6280] Make 1F6F8000 -> 1F93D000 (2379776b) coherent, action = VC | TC
[2026-08-16 16:47:50.887] [trace] [gpu] [t6280] Make 1F6F8000 -> 1F7FD000 (1069056b) coherent, action = VC | TC
[2026-08-16 16:47:50.887] [trace] [gpu] [t6280] Make 1F6F8000 -> 1FA7D000 (3690496b) coherent, action = VC | TC
[2026-08-16 16:47:50.887] [trace] [gpu] [t6280] Resolve: 0,0 <= x,y < 1280,256, k_8_8_8_8 -> k_8_8_8_8 at 0x1F838000 (potentially modified memory range 0x1F838000 to 0x1F978000)
[2026-08-16 16:47:50.887] [trace] [gpu] [t6280] Make 1F6F8000 -> 1F93D000 (2379776b) coherent, action = VC | TC
[2026-08-16 16:47:50.887] [trace] [gpu] [t6280] Make 1F6F8000 -> 1F7FD000 (1069056b) coherent, action = VC | TC
[2026-08-16 16:47:50.887] [trace] [gpu] [t6280] Make 1F6F8000 -> 1FA7D000 (3690496b) coherent, action = VC | TC
[2026-08-16 16:47:50.887] [trace] [gpu] [t6280] Make 1F6F8000 -> 1F93D000 (2379776b) coherent, action = VC | TC
[2026-08-16 16:47:50.887] [trace] [gpu] [t6280] Resolve: 0,0 <= x,y < 1280,208, k_8_8_8_8 -> k_8_8_8_8 at 0x1F978000 (potentially modified memory range 0x1F978000 to 0x1FA90000)
[2026-08-16 16:47:50.887] [trace] [gpu] [t6280] Make 1F6F8000 -> 1F7FD000 (1069056b) coherent, action = VC | TC
[2026-08-16 16:47:50.887] [trace] [gpu] [t6280] Make 1FA90000 -> 1FC90000 (2097152b) coherent, action = VC
[2026-08-16 16:47:50.916] [trace] [gpu] [t6280] Loaded tiled 1280x720x1 2D k_8_8_8_8 texture with 1 unpacked mip level, base at 0x1F6F8000 (pitch 1280, size 0x00398000), mips at 0x00000000 (size 0x00000000)
[2026-08-16 16:47:50.916] [trace] [gpu] [t6280] Make 17D73000 -> 1FC9A000 (133328896b) coherent, action = VC | TC
[2026-08-16 16:47:50.916] [trace] [gpu] [t6280] Make 1FA90000 -> 1FC90000 (2097152b) coherent, action = VC
[2026-08-16 16:47:50.916] [trace] [gpu] [t6280] Make 1FA90000 -> 1FC90000 (2097152b) coherent, action = VC
[2026-08-16 16:47:50.916] [trace] [gpu] [t6280] Resolve: 0,0 <= x,y < 1280,256, k_8_8_8_8 -> k_8_8_8_8 at 0x1F360000 (potentially modified memory range 0x1F360000 to 0x1F4A0000)
[2026-08-16 16:47:50.916] [trace] [gpu] [t6280] Make 1F360000 -> 1F6E5000 (3690496b) coherent, action = VC | TC
[2026-08-16 16:47:50.916] [trace] [gpu] [t6280] Make 1F360000 -> 1F5A5000 (2379776b) coherent, action = VC | TC
[2026-08-16 16:47:50.916] [trace] [gpu] [t6280] Make 1F360000 -> 1F465000 (1069056b) coherent, action = VC | TC
[2026-08-16 16:47:50.916] [trace] [gpu] [t6280] Make 1F360000 -> 1F6E5000 (3690496b) coherent, action = VC | TC
[2026-08-16 16:47:50.916] [trace] [gpu] [t6280] Resolve: 0,0 <= x,y < 1280,256, k_8_8_8_8 -> k_8_8_8_8 at 0x1F4A0000 (potentially modified memory range 0x1F4A0000 to 0x1F5E0000)
[2026-08-16 16:47:50.916] [trace] [gpu] [t6280] Make 1F360000 -> 1F5A5000 (2379776b) coherent, action = VC | TC
[2026-08-16 16:47:50.916] [trace] [gpu] [t6280] Make 1F360000 -> 1F465000 (1069056b) coherent, action = VC | TC
[2026-08-16 16:47:50.916] [trace] [gpu] [t6280] Make 1F360000 -> 1F6E5000 (3690496b) coherent, action = VC | TC
[2026-08-16 16:47:50.916] [trace] [gpu] [t6280] Make 1F360000 -> 1F5A5000 (2379776b) coherent, action = VC | TC
[2026-08-16 16:47:50.916] [trace] [gpu] [t6280] Resolve: 0,0 <= x,y < 1280,208, k_8_8_8_8 -> k_8_8_8_8 at 0x1F5E0000 (potentially modified memory range 0x1F5E0000 to 0x1F6F8000)
[2026-08-16 16:47:50.916] [trace] [gpu] [t6280] Make 1F360000 -> 1F465000 (1069056b) coherent, action = VC | TC
[2026-08-16 16:47:50.916] [trace] [gpu] [t6280] Make 1FA90000 -> 1FC90000 (2097152b) coherent, action = VC
[2026-08-16 16:47:50.948] [trace] [gpu] [t6280] Loaded tiled 1280x720x1 2D k_8_8_8_8 texture with 1 unpacked mip level, base at 0x1F360000 (pitch 1280, size 0x00398000), mips at 0x00000000 (size 0x00000000)
[2026-08-16 16:47:50.948] [trace] [gpu] [t6280] Make 17CBE000 -> 1FC9A000 (134070272b) coherent, action = VC | TC
[2026-08-16 16:47:50.948] [trace] [gpu] [t6280] Make 1FA90000 -> 1FC90000 (2097152b) coherent, action = VC
[2026-08-16 16:47:50.948] [trace] [gpu] [t6280] Make 1FA90000 -> 1FC90000 (2097152b) coherent, action = VC
[2026-08-16 16:47:50.948] [trace] [gpu] [t6280] Resolve: 0,0 <= x,y < 1280,256, k_8_8_8_8 -> k_8_8_8_8 at 0x1F6F8000 (potentially modified memory range 0x1F6F8000 to 0x1F838000)
[2026-08-16 16:47:50.948] [trace] [gpu] [t6280] Make 1F6F8000 -> 1FA7D000 (3690496b) coherent, action = VC | TC
[2026-08-16 16:47:50.948] [trace] [gpu] [t6280] Make 1F6F8000 -> 1F93D000 (2379776b) coherent, action = VC | TC
[2026-08-16 16:47:50.948] [trace] [gpu] [t6280] Make 1F6F8000 -> 1F7FD000 (1069056b) coherent, action = VC | TC
[2026-08-16 16:47:50.948] [trace] [gpu] [t6280] Make 1F6F8000 -> 1FA7D000 (3690496b) coherent, action = VC | TC
[2026-08-16 16:47:50.948] [trace] [gpu] [t6280] Resolve: 0,0 <= x,y < 1280,256, k_8_8_8_8 -> k_8_8_8_8 at 0x1F838000 (potentially modified memory range 0x1F838000 to 0x1F978000)
[2026-08-16 16:47:50.948] [trace] [gpu] [t6280] Make 1F6F8000 -> 1F93D000 (2379776b) coherent, action = VC | TC
[2026-08-16 16:47:50.948] [trace] [gpu] [t6280] Make 1F6F8000 -> 1F7FD000 (1069056b) coherent, action = VC | TC
[2026-08-16 16:47:50.948] [trace] [gpu] [t6280] Make 1F6F8000 -> 1FA7D000 (3690496b) coherent, action = VC | TC
[2026-08-16 16:47:50.948] [trace] [gpu] [t6280] Make 1F6F8000 -> 1F93D000 (2379776b) coherent, action = VC | TC
[2026-08-16 16:47:50.948] [trace] [gpu] [t6280] Resolve: 0,0 <= x,y < 1280,208, k_8_8_8_8 -> k_8_8_8_8 at 0x1F978000 (potentially modified memory range 0x1F978000 to 0x1FA90000)
[2026-08-16 16:47:50.948] [trace] [gpu] [t6280] Make 1F6F8000 -> 1F7FD000 (1069056b) coherent, action = VC | TC
[2026-08-16 16:47:50.948] [trace] [gpu] [t6280] Make 1FA90000 -> 1FC90000 (2097152b) coherent, action = VC
[2026-08-16 16:47:50.978] [trace] [gpu] [t6280] Loaded tiled 1280x720x1 2D k_8_8_8_8 texture with 1 unpacked mip level, base at 0x1F6F8000 (pitch 1280, size 0x00398000), mips at 0x00000000 (size 0x00000000)
[2026-08-16 16:47:50.979] [trace] [gpu] [t6280] Make 17A45000 -> 1FC9A000 (136663040b) coherent, action = VC | TC
[2026-08-16 16:47:50.979] [trace] [gpu] [t6280] Make 1FA90000 -> 1FC90000 (2097152b) coherent, action = VC
[2026-08-16 16:47:50.979] [trace] [gpu] [t6280] Make 1FA90000 -> 1FC90000 (2097152b) coherent, action = VC
[2026-08-16 16:47:50.979] [trace] [gpu] [t6280] Resolve: 0,0 <= x,y < 1280,256, k_8_8_8_8 -> k_8_8_8_8 at 0x1F360000 (potentially modified memory range 0x1F360000 to 0x1F4A0000)
[2026-08-16 16:47:50.979] [trace] [gpu] [t6280] Make 1F360000 -> 1F6E5000 (3690496b) coherent, action = VC | TC
[2026-08-16 16:47:50.979] [trace] [gpu] [t6280] Make 1F360000 -> 1F5A5000 (2379776b) coherent, action = VC | TC
[2026-08-16 16:47:50.979] [trace] [gpu] [t6280] Make 1F360000 -> 1F465000 (1069056b) coherent, action = VC | TC
[2026-08-16 16:47:50.979] [trace] [gpu] [t6280] Make 1F360000 -> 1F6E5000 (3690496b) coherent, action = VC | TC
[2026-08-16 16:47:50.979] [trace] [gpu] [t6280] Resolve: 0,0 <= x,y < 1280,256, k_8_8_8_8 -> k_8_8_8_8 at 0x1F4A0000 (potentially modified memory range 0x1F4A0000 to 0x1F5E0000)
[2026-08-16 16:47:50.979] [trace] [gpu] [t6280] Make 1F360000 -> 1F5A5000 (2379776b) coherent, action = VC | TC
[2026-08-16 16:47:50.979] [trace] [gpu] [t6280] Make 1F360000 -> 1F465000 (1069056b) coherent, action = VC | TC
[2026-08-16 16:47:50.979] [trace] [gpu] [t6280] Make 1F360000 -> 1F6E5000 (3690496b) coherent, action = VC | TC
[2026-08-16 16:47:50.979] [trace] [gpu] [t6280] Make 1F360000 -> 1F5A5000 (2379776b) coherent, action = VC | TC
[2026-08-16 16:47:50.979] [trace] [gpu] [t6280] Resolve: 0,0 <= x,y < 1280,208, k_8_8_8_8 -> k_8_8_8_8 at 0x1F5E0000 (potentially modified memory range 0x1F5E0000 to 0x1F6F8000)
[2026-08-16 16:47:50.979] [trace] [gpu] [t6280] Make 1F360000 -> 1F465000 (1069056b) coherent, action = VC | TC
[2026-08-16 16:47:50.979] [trace] [gpu] [t6280] Make 1FA90000 -> 1FC90000 (2097152b) coherent, action = VC
[2026-08-16 16:47:51.010] [trace] [gpu] [t6280] Loaded tiled 1280x720x1 2D k_8_8_8_8 texture with 1 unpacked mip level, base at 0x1F360000 (pitch 1280, size 0x00398000), mips at 0x00000000 (size 0x00000000)
[2026-08-16 16:47:51.010] [trace] [gpu] [t6280] Make 178BE000 -> 1FC9A000 (138264576b) coherent, action = VC | TC
[2026-08-16 16:47:51.010] [trace] [gpu] [t6280] Make 1FA90000 -> 1FC90000 (2097152b) coherent, action = VC
[2026-08-16 16:47:51.010] [trace] [gpu] [t6280] Make 1FA90000 -> 1FC90000 (2097152b) coherent, action = VC
[2026-08-16 16:47:51.011] [trace] [gpu] [t6280] Resolve: 0,0 <= x,y < 1280,256, k_8_8_8_8 -> k_8_8_8_8 at 0x1F6F8000 (potentially modified memory range 0x1F6F8000 to 0x1F838000)
[2026-08-16 16:47:51.011] [trace] [gpu] [t6280] Make 1F6F8000 -> 1FA7D000 (3690496b) coherent, action = VC | TC
[2026-08-16 16:47:51.011] [trace] [gpu] [t6280] Make 1F6F8000 -> 1F93D000 (2379776b) coherent, action = VC | TC
[2026-08-16 16:47:51.011] [trace] [gpu] [t6280] Make 1F6F8000 -> 1F7FD000 (1069056b) coherent, action = VC | TC
[2026-08-16 16:47:51.011] [trace] [gpu] [t6280] Make 1F6F8000 -> 1FA7D000 (3690496b) coherent, action = VC | TC
[2026-08-16 16:47:51.011] [trace] [gpu] [t6280] Resolve: 0,0 <= x,y < 1280,256, k_8_8_8_8 -> k_8_8_8_8 at 0x1F838000 (potentially modified memory range 0x1F838000 to 0x1F978000)
[2026-08-16 16:47:51.011] [trace] [gpu] [t6280] Make 1F6F8000 -> 1F93D000 (2379776b) coherent, action = VC | TC
[2026-08-16 16:47:51.011] [trace] [gpu] [t6280] Make 1F6F8000 -> 1F7FD000 (1069056b) coherent, action = VC | TC
[2026-08-16 16:47:51.011] [trace] [gpu] [t6280] Make 1F6F8000 -> 1FA7D000 (3690496b) coherent, action = VC | TC
[2026-08-16 16:47:51.011] [trace] [gpu] [t6280] Make 1F6F8000 -> 1F93D000 (2379776b) coherent, action = VC | TC
[2026-08-16 16:47:51.011] [trace] [gpu] [t6280] Resolve: 0,0 <= x,y < 1280,208, k_8_8_8_8 -> k_8_8_8_8 at 0x1F978000 (potentially modified memory range 0x1F978000 to 0x1FA90000)
[2026-08-16 16:47:51.011] [trace] [gpu] [t6280] Make 1F6F8000 -> 1F7FD000 (1069056b) coherent, action = VC | TC
[2026-08-16 16:47:51.011] [trace] [gpu] [t6280] Make 1FA90000 -> 1FC90000 (2097152b) coherent, action = VC
[2026-08-16 16:47:51.042] [trace] [gpu] [t6280] Loaded tiled 1280x720x1 2D k_8_8_8_8 texture with 1 unpacked mip level, base at 0x1F6F8000 (pitch 1280, size 0x00398000), mips at 0x00000000 (size 0x00000000)
[2026-08-16 16:47:51.042] [trace] [gpu] [t6280] Make 1767D000 -> 1FC9A000 (140627968b) coherent, action = VC | TC
[2026-08-16 16:47:51.042] [trace] [gpu] [t6280] Make 1FA90000 -> 1FC90000 (2097152b) coherent, action = VC
[2026-08-16 16:47:51.042] [trace] [gpu] [t6280] Make 1FA90000 -> 1FC90000 (2097152b) coherent, action = VC
[2026-08-16 16:47:51.043] [trace] [gpu] [t6280] Resolve: 0,0 <= x,y < 1280,256, k_8_8_8_8 -> k_8_8_8_8 at 0x1F360000 (potentially modified memory range 0x1F360000 to 0x1F4A0000)
[2026-08-16 16:47:51.043] [trace] [gpu] [t6280] Make 1F360000 -> 1F6E5000 (3690496b) coherent, action = VC | TC
[2026-08-16 16:47:51.043] [trace] [gpu] [t6280] Make 1F360000 -> 1F5A5000 (2379776b) coherent, action = VC | TC
[2026-08-16 16:47:51.043] [trace] [gpu] [t6280] Make 1F360000 -> 1F465000 (1069056b) coherent, action = VC | TC
[2026-08-16 16:47:51.043] [trace] [gpu] [t6280] Make 1F360000 -> 1F6E5000 (3690496b) coherent, action = VC | TC
[2026-08-16 16:47:51.043] [trace] [gpu] [t6280] Resolve: 0,0 <= x,y < 1280,256, k_8_8_8_8 -> k_8_8_8_8 at 0x1F4A0000 (potentially modified memory range 0x1F4A0000 to 0x1F5E0000)
[2026-08-16 16:47:51.043] [trace] [gpu] [t6280] Make 1F360000 -> 1F5A5000 (2379776b) coherent, action = VC | TC
[2026-08-16 16:47:51.043] [trace] [gpu] [t6280] Make 1F360000 -> 1F465000 (1069056b) coherent, action = VC | TC
[2026-08-16 16:47:51.043] [trace] [gpu] [t6280] Make 1F360000 -> 1F6E5000 (3690496b) coherent, action = VC | TC
[2026-08-16 16:47:51.043] [trace] [gpu] [t6280] Make 1F360000 -> 1F5A5000 (2379776b) coherent, action = VC | TC
[2026-08-16 16:47:51.043] [trace] [gpu] [t6280] Resolve: 0,0 <= x,y < 1280,208, k_8_8_8_8 -> k_8_8_8_8 at 0x1F5E0000 (potentially modified memory range 0x1F5E0000 to 0x1F6F8000)
[2026-08-16 16:47:51.043] [trace] [gpu] [t6280] Make 1F360000 -> 1F465000 (1069056b) coherent, action = VC | TC
[2026-08-16 16:47:51.043] [trace] [gpu] [t6280] Make 1FA90000 -> 1FC90000 (2097152b) coherent, action = VC
[2026-08-16 16:47:51.074] [trace] [gpu] [t6280] Loaded tiled 1280x720x1 2D k_8_8_8_8 texture with 1 unpacked mip level, base at 0x1F360000 (pitch 1280, size 0x00398000), mips at 0x00000000 (size 0x00000000)
[2026-08-16 16:47:51.074] [trace] [gpu] [t6280] Make 17578000 -> 1FC9A000 (141697024b) coherent, action = VC | TC
[2026-08-16 16:47:51.074] [trace] [gpu] [t6280] Make 1FA90000 -> 1FC90000 (2097152b) coherent, action = VC
[2026-08-16 16:47:51.074] [trace] [gpu] [t6280] Make 1FA90000 -> 1FC90000 (2097152b) coherent, action = VC
[2026-08-16 16:47:51.074] [trace] [gpu] [t6280] Resolve: 0,0 <= x,y < 1280,256, k_8_8_8_8 -> k_8_8_8_8 at 0x1F6F8000 (potentially modified memory range 0x1F6F8000 to 0x1F838000)
[2026-08-16 16:47:51.075] [trace] [gpu] [t6280] Make 1F6F8000 -> 1FA7D000 (3690496b) coherent, action = VC | TC
[2026-08-16 16:47:51.075] [trace] [gpu] [t6280] Make 1F6F8000 -> 1F93D000 (2379776b) coherent, action = VC | TC
[2026-08-16 16:47:51.075] [trace] [gpu] [t6280] Make 1F6F8000 -> 1F7FD000 (1069056b) coherent, action = VC | TC
[2026-08-16 16:47:51.075] [trace] [gpu] [t6280] Make 1F6F8000 -> 1FA7D000 (3690496b) coherent, action = VC | TC
[2026-08-16 16:47:51.075] [trace] [gpu] [t6280] Resolve: 0,0 <= x,y < 1280,256, k_8_8_8_8 -> k_8_8_8_8 at 0x1F838000 (potentially modified memory range 0x1F838000 to 0x1F978000)
[2026-08-16 16:47:51.075] [trace] [gpu] [t6280] Make 1F6F8000 -> 1F93D000 (2379776b) coherent, action = VC | TC
[2026-08-16 16:47:51.075] [trace] [gpu] [t6280] Make 1F6F8000 -> 1F7FD000 (1069056b) coherent, action = VC | TC
[2026-08-16 16:47:51.075] [trace] [gpu] [t6280] Make 1F6F8000 -> 1FA7D000 (3690496b) coherent, action = VC | TC
[2026-08-16 16:47:51.075] [trace] [gpu] [t6280] Make 1F6F8000 -> 1F93D000 (2379776b) coherent, action = VC | TC
[2026-08-16 16:47:51.075] [trace] [gpu] [t6280] Resolve: 0,0 <= x,y < 1280,208, k_8_8_8_8 -> k_8_8_8_8 at 0x1F978000 (potentially modified memory range 0x1F978000 to 0x1FA90000)
[2026-08-16 16:47:51.075] [trace] [gpu] [t6280] Make 1F6F8000 -> 1F7FD000 (1069056b) coherent, action = VC | TC
[2026-08-16 16:47:51.075] [trace] [gpu] [t6280] Make 1FA90000 -> 1FC90000 (2097152b) coherent, action = VC
[2026-08-16 16:47:51.106] [trace] [gpu] [t6280] Loaded tiled 1280x720x1 2D k_8_8_8_8 texture with 1 unpacked mip level, base at 0x1F6F8000 (pitch 1280, size 0x00398000), mips at 0x00000000 (size 0x00000000)
[2026-08-16 16:47:51.106] [trace] [gpu] [t6280] Make 17407000 -> 1FC9A000 (143208448b) coherent, action = VC | TC
[2026-08-16 16:47:51.106] [trace] [gpu] [t6280] Make 1FA90000 -> 1FC90000 (2097152b) coherent, action = VC
[2026-08-16 16:47:51.106] [trace] [gpu] [t6280] Make 1FA90000 -> 1FC90000 (2097152b) coherent, action = VC
[2026-08-16 16:47:51.106] [trace] [gpu] [t6280] Resolve: 0,0 <= x,y < 1280,256, k_8_8_8_8 -> k_8_8_8_8 at 0x1F360000 (potentially modified memory range 0x1F360000 to 0x1F4A0000)
[2026-08-16 16:47:51.106] [trace] [gpu] [t6280] Make 1F360000 -> 1F6E5000 (3690496b) coherent, action = VC | TC
[2026-08-16 16:47:51.106] [trace] [gpu] [t6280] Make 1F360000 -> 1F5A5000 (2379776b) coherent, action = VC | TC
[2026-08-16 16:47:51.106] [trace] [gpu] [t6280] Make 1F360000 -> 1F465000 (1069056b) coherent, action = VC | TC
[2026-08-16 16:47:51.106] [trace] [gpu] [t6280] Make 1F360000 -> 1F6E5000 (3690496b) coherent, action = VC | TC
[2026-08-16 16:47:51.106] [trace] [gpu] [t6280] Resolve: 0,0 <= x,y < 1280,256, k_8_8_8_8 -> k_8_8_8_8 at 0x1F4A0000 (potentially modified memory range 0x1F4A0000 to 0x1F5E0000)
[2026-08-16 16:47:51.106] [trace] [gpu] [t6280] Make 1F360000 -> 1F5A5000 (2379776b) coherent, action = VC | TC
[2026-08-16 16:47:51.106] [trace] [gpu] [t6280] Make 1F360000 -> 1F465000 (1069056b) coherent, action = VC | TC
[2026-08-16 16:47:51.106] [trace] [gpu] [t6280] Make 1F360000 -> 1F6E5000 (3690496b) coherent, action = VC | TC
[2026-08-16 16:47:51.106] [trace] [gpu] [t6280] Make 1F360000 -> 1F5A5000 (2379776b) coherent, action = VC | TC
[2026-08-16 16:47:51.106] [trace] [gpu] [t6280] Resolve: 0,0 <= x,y < 1280,208, k_8_8_8_8 -> k_8_8_8_8 at 0x1F5E0000 (potentially modified memory range 0x1F5E0000 to 0x1F6F8000)
[2026-08-16 16:47:51.106] [trace] [gpu] [t6280] Make 1F360000 -> 1F465000 (1069056b) coherent, action = VC | TC
[2026-08-16 16:47:51.106] [trace] [gpu] [t6280] Make 1FA90000 -> 1FC90000 (2097152b) coherent, action = VC
[2026-08-16 16:47:51.136] [trace] [gpu] [t6280] Loaded tiled 1280x720x1 2D k_8_8_8_8 texture with 1 unpacked mip level, base at 0x1F360000 (pitch 1280, size 0x00398000), mips at 0x00000000 (size 0x00000000)
[2026-08-16 16:47:51.137] [trace] [gpu] [t6280] Make 171D0000 -> 1FC9A000 (145530880b) coherent, action = VC | TC
[2026-08-16 16:47:51.137] [trace] [gpu] [t6280] Make 1FA90000 -> 1FC90000 (2097152b) coherent, action = VC
[2026-08-16 16:47:51.137] [trace] [gpu] [t6280] Make 1FA90000 -> 1FC90000 (2097152b) coherent, action = VC
[2026-08-16 16:47:51.137] [trace] [gpu] [t6280] Resolve: 0,0 <= x,y < 1280,256, k_8_8_8_8 -> k_8_8_8_8 at 0x1F6F8000 (potentially modified memory range 0x1F6F8000 to 0x1F838000)
[2026-08-16 16:47:51.137] [trace] [gpu] [t6280] Make 1F6F8000 -> 1FA7D000 (3690496b) coherent, action = VC | TC
[2026-08-16 16:47:51.137] [trace] [gpu] [t6280] Make 1F6F8000 -> 1F93D000 (2379776b) coherent, action = VC | TC
[2026-08-16 16:47:51.137] [trace] [gpu] [t6280] Make 1F6F8000 -> 1F7FD000 (1069056b) coherent, action = VC | TC
[2026-08-16 16:47:51.137] [trace] [gpu] [t6280] Make 1F6F8000 -> 1FA7D000 (3690496b) coherent, action = VC | TC
[2026-08-16 16:47:51.137] [trace] [gpu] [t6280] Resolve: 0,0 <= x,y < 1280,256, k_8_8_8_8 -> k_8_8_8_8 at 0x1F838000 (potentially modified memory range 0x1F838000 to 0x1F978000)
[2026-08-16 16:47:51.137] [trace] [gpu] [t6280] Make 1F6F8000 -> 1F93D000 (2379776b) coherent, action = VC | TC
[2026-08-16 16:47:51.137] [trace] [gpu] [t6280] Make 1F6F8000 -> 1F7FD000 (1069056b) coherent, action = VC | TC
[2026-08-16 16:47:51.137] [trace] [gpu] [t6280] Make 1F6F8000 -> 1FA7D000 (3690496b) coherent, action = VC | TC
[2026-08-16 16:47:51.137] [trace] [gpu] [t6280] Make 1F6F8000 -> 1F93D000 (2379776b) coherent, action = VC | TC
[2026-08-16 16:47:51.137] [trace] [gpu] [t6280] Resolve: 0,0 <= x,y < 1280,208, k_8_8_8_8 -> k_8_8_8_8 at 0x1F978000 (potentially modified memory range 0x1F978000 to 0x1FA90000)
[2026-08-16 16:47:51.137] [trace] [gpu] [t6280] Make 1F6F8000 -> 1F7FD000 (1069056b) coherent, action = VC | TC
[2026-08-16 16:47:51.137] [trace] [gpu] [t6280] Make 1FA90000 -> 1FC90000 (2097152b) coherent, action = VC
[2026-08-16 16:47:51.167] [trace] [gpu] [t6280] Loaded tiled 1280x720x1 2D k_8_8_8_8 texture with 1 unpacked mip level, base at 0x1F6F8000 (pitch 1280, size 0x00398000), mips at 0x00000000 (size 0x00000000)
[2026-08-16 16:47:51.167] [trace] [gpu] [t6280] Make 1710A000 -> 1FC9A000 (146341888b) coherent, action = VC | TC
[2026-08-16 16:47:51.167] [trace] [gpu] [t6280] Make 1FA90000 -> 1FC90000 (2097152b) coherent, action = VC
[2026-08-16 16:47:51.167] [trace] [gpu] [t6280] Make 1FA90000 -> 1FC90000 (2097152b) coherent, action = VC
[2026-08-16 16:47:51.168] [trace] [gpu] [t6280] Resolve: 0,0 <= x,y < 1280,256, k_8_8_8_8 -> k_8_8_8_8 at 0x1F360000 (potentially modified memory range 0x1F360000 to 0x1F4A0000)
[2026-08-16 16:47:51.168] [trace] [gpu] [t6280] Make 1F360000 -> 1F6E5000 (3690496b) coherent, action = VC | TC
[2026-08-16 16:47:51.168] [trace] [gpu] [t6280] Make 1F360000 -> 1F5A5000 (2379776b) coherent, action = VC | TC
[2026-08-16 16:47:51.168] [trace] [gpu] [t6280] Make 1F360000 -> 1F465000 (1069056b) coherent, action = VC | TC
[2026-08-16 16:47:51.168] [trace] [gpu] [t6280] Make 1F360000 -> 1F6E5000 (3690496b) coherent, action = VC | TC
[2026-08-16 16:47:51.168] [trace] [gpu] [t6280] Resolve: 0,0 <= x,y < 1280,256, k_8_8_8_8 -> k_8_8_8_8 at 0x1F4A0000 (potentially modified memory range 0x1F4A0000 to 0x1F5E0000)
[2026-08-16 16:47:51.168] [trace] [gpu] [t6280] Make 1F360000 -> 1F5A5000 (2379776b) coherent, action = VC | TC
[2026-08-16 16:47:51.168] [trace] [gpu] [t6280] Make 1F360000 -> 1F465000 (1069056b) coherent, action = VC | TC
[2026-08-16 16:47:51.168] [trace] [gpu] [t6280] Make 1F360000 -> 1F6E5000 (3690496b) coherent, action = VC | TC
[2026-08-16 16:47:51.168] [trace] [gpu] [t6280] Make 1F360000 -> 1F5A5000 (2379776b) coherent, action = VC | TC
[2026-08-16 16:47:51.168] [trace] [gpu] [t6280] Resolve: 0,0 <= x,y < 1280,208, k_8_8_8_8 -> k_8_8_8_8 at 0x1F5E0000 (potentially modified memory range 0x1F5E0000 to 0x1F6F8000)
[2026-08-16 16:47:51.168] [trace] [gpu] [t6280] Make 1F360000 -> 1F465000 (1069056b) coherent, action = VC | TC
[2026-08-16 16:47:51.168] [trace] [gpu] [t6280] Make 1FA90000 -> 1FC90000 (2097152b) coherent, action = VC
[2026-08-16 16:47:51.197] [trace] [gpu] [t6280] Loaded tiled 1280x720x1 2D k_8_8_8_8 texture with 1 unpacked mip level, base at 0x1F360000 (pitch 1280, size 0x00398000), mips at 0x00000000 (size 0x00000000)
[2026-08-16 16:47:51.197] [trace] [gpu] [t6280] Make 16F5B000 -> 1FC9A000 (148107264b) coherent, action = VC | TC
[2026-08-16 16:47:51.197] [trace] [gpu] [t6280] Make 1FA90000 -> 1FC90000 (2097152b) coherent, action = VC
[2026-08-16 16:47:51.197] [trace] [gpu] [t6280] Make 1FA90000 -> 1FC90000 (2097152b) coherent, action = VC
[2026-08-16 16:47:51.198] [trace] [gpu] [t6280] Resolve: 0,0 <= x,y < 1280,256, k_8_8_8_8 -> k_8_8_8_8 at 0x1F6F8000 (potentially modified memory range 0x1F6F8000 to 0x1F838000)
[2026-08-16 16:47:51.198] [trace] [gpu] [t6280] Make 1F6F8000 -> 1FA7D000 (3690496b) coherent, action = VC | TC
[2026-08-16 16:47:51.198] [trace] [gpu] [t6280] Make 1F6F8000 -> 1F93D000 (2379776b) coherent, action = VC | TC
[2026-08-16 16:47:51.198] [trace] [gpu] [t6280] Make 1F6F8000 -> 1F7FD000 (1069056b) coherent, action = VC | TC
[2026-08-16 16:47:51.198] [trace] [gpu] [t6280] Make 1F6F8000 -> 1FA7D000 (3690496b) coherent, action = VC | TC
[2026-08-16 16:47:51.198] [trace] [gpu] [t6280] Resolve: 0,0 <= x,y < 1280,256, k_8_8_8_8 -> k_8_8_8_8 at 0x1F838000 (potentially modified memory range 0x1F838000 to 0x1F978000)
[2026-08-16 16:47:51.198] [trace] [gpu] [t6280] Make 1F6F8000 -> 1F93D000 (2379776b) coherent, action = VC | TC
[2026-08-16 16:47:51.198] [trace] [gpu] [t6280] Make 1F6F8000 -> 1F7FD000 (1069056b) coherent, action = VC | TC
[2026-08-16 16:47:51.198] [trace] [gpu] [t6280] Make 1F6F8000 -> 1FA7D000 (3690496b) coherent, action = VC | TC
[2026-08-16 16:47:51.198] [trace] [gpu] [t6280] Make 1F6F8000 -> 1F93D000 (2379776b) coherent, action = VC | TC
[2026-08-16 16:47:51.198] [trace] [gpu] [t6280] Resolve: 0,0 <= x,y < 1280,208, k_8_8_8_8 -> k_8_8_8_8 at 0x1F978000 (potentially modified memory range 0x1F978000 to 0x1FA90000)
[2026-08-16 16:47:51.198] [trace] [gpu] [t6280] Make 1F6F8000 -> 1F7FD000 (1069056b) coherent, action = VC | TC
[2026-08-16 16:47:51.198] [trace] [gpu] [t6280] Make 1FA90000 -> 1FC90000 (2097152b) coherent, action = VC
[2026-08-16 16:47:51.228] [trace] [gpu] [t6280] Loaded tiled 1280x720x1 2D k_8_8_8_8 texture with 1 unpacked mip level, base at 0x1F6F8000 (pitch 1280, size 0x00398000), mips at 0x00000000 (size 0x00000000)
[2026-08-16 16:47:51.229] [trace] [gpu] [t6280] Make 16D62000 -> 1FC9A000 (150175744b) coherent, action = VC | TC
[2026-08-16 16:47:51.229] [trace] [gpu] [t6280] Make 1FA90000 -> 1FC90000 (2097152b) coherent, action = VC
[2026-08-16 16:47:51.229] [trace] [gpu] [t6280] Make 1FA90000 -> 1FC90000 (2097152b) coherent, action = VC
[2026-08-16 16:47:51.229] [trace] [gpu] [t6280] Resolve: 0,0 <= x,y < 1280,256, k_8_8_8_8 -> k_8_8_8_8 at 0x1F360000 (potentially modified memory range 0x1F360000 to 0x1F4A0000)
[2026-08-16 16:47:51.229] [trace] [gpu] [t6280] Make 1F360000 -> 1F6E5000 (3690496b) coherent, action = VC | TC
[2026-08-16 16:47:51.229] [trace] [gpu] [t6280] Make 1F360000 -> 1F5A5000 (2379776b) coherent, action = VC | TC
[2026-08-16 16:47:51.229] [trace] [gpu] [t6280] Make 1F360000 -> 1F465000 (1069056b) coherent, action = VC | TC
[2026-08-16 16:47:51.229] [trace] [gpu] [t6280] Make 1F360000 -> 1F6E5000 (3690496b) coherent, action = VC | TC
[2026-08-16 16:47:51.229] [trace] [gpu] [t6280] Resolve: 0,0 <= x,y < 1280,256, k_8_8_8_8 -> k_8_8_8_8 at 0x1F4A0000 (potentially modified memory range 0x1F4A0000 to 0x1F5E0000)
[2026-08-16 16:47:51.229] [trace] [gpu] [t6280] Make 1F360000 -> 1F5A5000 (2379776b) coherent, action = VC | TC
[2026-08-16 16:47:51.229] [trace] [gpu] [t6280] Make 1F360000 -> 1F465000 (1069056b) coherent, action = VC | TC
[2026-08-16 16:47:51.229] [trace] [gpu] [t6280] Make 1F360000 -> 1F6E5000 (3690496b) coherent, action = VC | TC
[2026-08-16 16:47:51.229] [trace] [gpu] [t6280] Make 1F360000 -> 1F5A5000 (2379776b) coherent, action = VC | TC
[2026-08-16 16:47:51.229] [trace] [gpu] [t6280] Resolve: 0,0 <= x,y < 1280,208, k_8_8_8_8 -> k_8_8_8_8 at 0x1F5E0000 (potentially modified memory range 0x1F5E0000 to 0x1F6F8000)
[2026-08-16 16:47:51.229] [trace] [gpu] [t6280] Make 1F360000 -> 1F465000 (1069056b) coherent, action = VC | TC
[2026-08-16 16:47:51.229] [trace] [gpu] [t6280] Make 1FA90000 -> 1FC90000 (2097152b) coherent, action = VC
[2026-08-16 16:47:51.259] [trace] [gpu] [t6280] Loaded tiled 1280x720x1 2D k_8_8_8_8 texture with 1 unpacked mip level, base at 0x1F360000 (pitch 1280, size 0x00398000), mips at 0x00000000 (size 0x00000000)
[2026-08-16 16:47:51.260] [trace] [gpu] [t6280] Make 16CDD000 -> 1FC9A000 (150720512b) coherent, action = VC | TC
[2026-08-16 16:47:51.260] [trace] [gpu] [t6280] Make 1FA90000 -> 1FC90000 (2097152b) coherent, action = VC
[2026-08-16 16:47:51.260] [trace] [gpu] [t6280] Make 1FA90000 -> 1FC90000 (2097152b) coherent, action = VC
[2026-08-16 16:47:51.260] [trace] [gpu] [t6280] Resolve: 0,0 <= x,y < 1280,256, k_8_8_8_8 -> k_8_8_8_8 at 0x1F6F8000 (potentially modified memory range 0x1F6F8000 to 0x1F838000)
[2026-08-16 16:47:51.260] [trace] [gpu] [t6280] Make 1F6F8000 -> 1FA7D000 (3690496b) coherent, action = VC | TC
[2026-08-16 16:47:51.260] [trace] [gpu] [t6280] Make 1F6F8000 -> 1F93D000 (2379776b) coherent, action = VC | TC
[2026-08-16 16:47:51.260] [trace] [gpu] [t6280] Make 1F6F8000 -> 1F7FD000 (1069056b) coherent, action = VC | TC
[2026-08-16 16:47:51.260] [trace] [gpu] [t6280] Make 1F6F8000 -> 1FA7D000 (3690496b) coherent, action = VC | TC
[2026-08-16 16:47:51.260] [trace] [gpu] [t6280] Resolve: 0,0 <= x,y < 1280,256, k_8_8_8_8 -> k_8_8_8_8 at 0x1F838000 (potentially modified memory range 0x1F838000 to 0x1F978000)
[2026-08-16 16:47:51.260] [trace] [gpu] [t6280] Make 1F6F8000 -> 1F93D000 (2379776b) coherent, action = VC | TC
[2026-08-16 16:47:51.260] [trace] [gpu] [t6280] Make 1F6F8000 -> 1F7FD000 (1069056b) coherent, action = VC | TC
[2026-08-16 16:47:51.260] [trace] [gpu] [t6280] Make 1F6F8000 -> 1FA7D000 (3690496b) coherent, action = VC | TC
[2026-08-16 16:47:51.260] [trace] [gpu] [t6280] Make 1F6F8000 -> 1F93D000 (2379776b) coherent, action = VC | TC
[2026-08-16 16:47:51.260] [trace] [gpu] [t6280] Resolve: 0,0 <= x,y < 1280,208, k_8_8_8_8 -> k_8_8_8_8 at 0x1F978000 (potentially modified memory range 0x1F978000 to 0x1FA90000)
[2026-08-16 16:47:51.260] [trace] [gpu] [t6280] Make 1F6F8000 -> 1F7FD000 (1069056b) coherent, action = VC | TC
[2026-08-16 16:47:51.260] [trace] [gpu] [t6280] Make 1FA90000 -> 1FC90000 (2097152b) coherent, action = VC
[2026-08-16 16:47:51.292] [trace] [gpu] [t6280] Loaded tiled 1280x720x1 2D k_8_8_8_8 texture with 1 unpacked mip level, base at 0x1F6F8000 (pitch 1280, size 0x00398000), mips at 0x00000000 (size 0x00000000)
[2026-08-16 16:47:51.292] [trace] [gpu] [t6280] Make 16AAC000 -> 1FC9A000 (153018368b) coherent, action = VC | TC
[2026-08-16 16:47:51.292] [trace] [gpu] [t6280] Make 1FA90000 -> 1FC90000 (2097152b) coherent, action = VC
[2026-08-16 16:47:51.292] [trace] [gpu] [t6280] Make 1FA90000 -> 1FC90000 (2097152b) coherent, action = VC
[2026-08-16 16:47:51.292] [trace] [gpu] [t6280] Resolve: 0,0 <= x,y < 1280,256, k_8_8_8_8 -> k_8_8_8_8 at 0x1F360000 (potentially modified memory range 0x1F360000 to 0x1F4A0000)
[2026-08-16 16:47:51.292] [trace] [gpu] [t6280] Make 1F360000 -> 1F6E5000 (3690496b) coherent, action = VC | TC
[2026-08-16 16:47:51.292] [trace] [gpu] [t6280] Make 1F360000 -> 1F5A5000 (2379776b) coherent, action = VC | TC
[2026-08-16 16:47:51.292] [trace] [gpu] [t6280] Make 1F360000 -> 1F465000 (1069056b) coherent, action = VC | TC
[2026-08-16 16:47:51.292] [trace] [gpu] [t6280] Make 1F360000 -> 1F6E5000 (3690496b) coherent, action = VC | TC
[2026-08-16 16:47:51.292] [trace] [gpu] [t6280] Resolve: 0,0 <= x,y < 1280,256, k_8_8_8_8 -> k_8_8_8_8 at 0x1F4A0000 (potentially modified memory range 0x1F4A0000 to 0x1F5E0000)
[2026-08-16 16:47:51.292] [trace] [gpu] [t6280] Make 1F360000 -> 1F5A5000 (2379776b) coherent, action = VC | TC
[2026-08-16 16:47:51.292] [trace] [gpu] [t6280] Make 1F360000 -> 1F465000 (1069056b) coherent, action = VC | TC
[2026-08-16 16:47:51.292] [trace] [gpu] [t6280] Make 1F360000 -> 1F6E5000 (3690496b) coherent, action = VC | TC
[2026-08-16 16:47:51.292] [trace] [gpu] [t6280] Make 1F360000 -> 1F5A5000 (2379776b) coherent, action = VC | TC
[2026-08-16 16:47:51.292] [trace] [gpu] [t6280] Resolve: 0,0 <= x,y < 1280,208, k_8_8_8_8 -> k_8_8_8_8 at 0x1F5E0000 (potentially modified memory range 0x1F5E0000 to 0x1F6F8000)
[2026-08-16 16:47:51.292] [trace] [gpu] [t6280] Make 1F360000 -> 1F465000 (1069056b) coherent, action = VC | TC
[2026-08-16 16:47:51.292] [trace] [gpu] [t6280] Make 1FA90000 -> 1FC90000 (2097152b) coherent, action = VC
[2026-08-16 16:47:51.323] [trace] [gpu] [t6280] Loaded tiled 1280x720x1 2D k_8_8_8_8 texture with 1 unpacked mip level, base at 0x1F360000 (pitch 1280, size 0x00398000), mips at 0x00000000 (size 0x00000000)
[2026-08-16 16:47:51.323] [trace] [gpu] [t6280] Make 1692B000 -> 1FC9A000 (154595328b) coherent, action = VC | TC
[2026-08-16 16:47:51.323] [trace] [gpu] [t6280] Make 1FA90000 -> 1FC90000 (2097152b) coherent, action = VC
[2026-08-16 16:47:51.323] [trace] [gpu] [t6280] Make 1FA90000 -> 1FC90000 (2097152b) coherent, action = VC
[2026-08-16 16:47:51.323] [trace] [gpu] [t6280] Resolve: 0,0 <= x,y < 1280,256, k_8_8_8_8 -> k_8_8_8_8 at 0x1F6F8000 (potentially modified memory range 0x1F6F8000 to 0x1F838000)
[2026-08-16 16:47:51.323] [trace] [gpu] [t6280] Make 1F6F8000 -> 1FA7D000 (3690496b) coherent, action = VC | TC
[2026-08-16 16:47:51.323] [trace] [gpu] [t6280] Make 1F6F8000 -> 1F93D000 (2379776b) coherent, action = VC | TC
[2026-08-16 16:47:51.323] [trace] [gpu] [t6280] Make 1F6F8000 -> 1F7FD000 (1069056b) coherent, action = VC | TC
[2026-08-16 16:47:51.323] [trace] [gpu] [t6280] Make 1F6F8000 -> 1FA7D000 (3690496b) coherent, action = VC | TC
[2026-08-16 16:47:51.323] [trace] [gpu] [t6280] Resolve: 0,0 <= x,y < 1280,256, k_8_8_8_8 -> k_8_8_8_8 at 0x1F838000 (potentially modified memory range 0x1F838000 to 0x1F978000)
[2026-08-16 16:47:51.323] [trace] [gpu] [t6280] Make 1F6F8000 -> 1F93D000 (2379776b) coherent, action = VC | TC
[2026-08-16 16:47:51.323] [trace] [gpu] [t6280] Make 1F6F8000 -> 1F7FD000 (1069056b) coherent, action = VC | TC
[2026-08-16 16:47:51.323] [trace] [gpu] [t6280] Make 1F6F8000 -> 1FA7D000 (3690496b) coherent, action = VC | TC
[2026-08-16 16:47:51.323] [trace] [gpu] [t6280] Make 1F6F8000 -> 1F93D000 (2379776b) coherent, action = VC | TC
[2026-08-16 16:47:51.323] [trace] [gpu] [t6280] Resolve: 0,0 <= x,y < 1280,208, k_8_8_8_8 -> k_8_8_8_8 at 0x1F978000 (potentially modified memory range 0x1F978000 to 0x1FA90000)
[2026-08-16 16:47:51.323] [trace] [gpu] [t6280] Make 1F6F8000 -> 1F7FD000 (1069056b) coherent, action = VC | TC
[2026-08-16 16:47:51.323] [trace] [gpu] [t6280] Make 1FA90000 -> 1FC90000 (2097152b) coherent, action = VC
[2026-08-16 16:47:51.353] [trace] [gpu] [t6280] Loaded tiled 1280x720x1 2D k_8_8_8_8 texture with 1 unpacked mip level, base at 0x1F6F8000 (pitch 1280, size 0x00398000), mips at 0x00000000 (size 0x00000000)
[2026-08-16 16:47:51.353] [trace] [gpu] [t6280] Make 16791000 -> 1FC9A000 (156274688b) coherent, action = VC | TC
[2026-08-16 16:47:51.353] [trace] [gpu] [t6280] Make 1FA90000 -> 1FC90000 (2097152b) coherent, action = VC
[2026-08-16 16:47:51.353] [trace] [gpu] [t6280] Make 1FA90000 -> 1FC90000 (2097152b) coherent, action = VC
[2026-08-16 16:47:51.353] [trace] [gpu] [t6280] Resolve: 0,0 <= x,y < 1280,256, k_8_8_8_8 -> k_8_8_8_8 at 0x1F360000 (potentially modified memory range 0x1F360000 to 0x1F4A0000)
[2026-08-16 16:47:51.353] [trace] [gpu] [t6280] Make 1F360000 -> 1F6E5000 (3690496b) coherent, action = VC | TC
[2026-08-16 16:47:51.353] [trace] [gpu] [t6280] Make 1F360000 -> 1F5A5000 (2379776b) coherent, action = VC | TC
[2026-08-16 16:47:51.353] [trace] [gpu] [t6280] Make 1F360000 -> 1F465000 (1069056b) coherent, action = VC | TC
[2026-08-16 16:47:51.354] [trace] [gpu] [t6280] Make 1F360000 -> 1F6E5000 (3690496b) coherent, action = VC | TC
[2026-08-16 16:47:51.354] [trace] [gpu] [t6280] Resolve: 0,0 <= x,y < 1280,256, k_8_8_8_8 -> k_8_8_8_8 at 0x1F4A0000 (potentially modified memory range 0x1F4A0000 to 0x1F5E0000)
[2026-08-16 16:47:51.354] [trace] [gpu] [t6280] Make 1F360000 -> 1F5A5000 (2379776b) coherent, action = VC | TC
[2026-08-16 16:47:51.354] [trace] [gpu] [t6280] Make 1F360000 -> 1F465000 (1069056b) coherent, action = VC | TC
[2026-08-16 16:47:51.354] [trace] [gpu] [t6280] Make 1F360000 -> 1F6E5000 (3690496b) coherent, action = VC | TC
[2026-08-16 16:47:51.354] [trace] [gpu] [t6280] Make 1F360000 -> 1F5A5000 (2379776b) coherent, action = VC | TC
[2026-08-16 16:47:51.354] [trace] [gpu] [t6280] Resolve: 0,0 <= x,y < 1280,208, k_8_8_8_8 -> k_8_8_8_8 at 0x1F5E0000 (potentially modified memory range 0x1F5E0000 to 0x1F6F8000)
[2026-08-16 16:47:51.354] [trace] [gpu] [t6280] Make 1F360000 -> 1F465000 (1069056b) coherent, action = VC | TC
[2026-08-16 16:47:51.354] [trace] [gpu] [t6280] Make 1FA90000 -> 1FC90000 (2097152b) coherent, action = VC
[2026-08-16 16:47:51.384] [trace] [gpu] [t6280] Loaded tiled 1280x720x1 2D k_8_8_8_8 texture with 1 unpacked mip level, base at 0x1F360000 (pitch 1280, size 0x00398000), mips at 0x00000000 (size 0x00000000)
[2026-08-16 16:47:51.384] [trace] [gpu] [t6280] Make 16688000 -> 1FC9A000 (157360128b) coherent, action = VC | TC
[2026-08-16 16:47:51.384] [trace] [gpu] [t6280] Make 1FA90000 -> 1FC90000 (2097152b) coherent, action = VC
[2026-08-16 16:47:51.384] [trace] [gpu] [t6280] Make 1FA90000 -> 1FC90000 (2097152b) coherent, action = VC
[2026-08-16 16:47:51.384] [trace] [gpu] [t6280] Resolve: 0,0 <= x,y < 1280,256, k_8_8_8_8 -> k_8_8_8_8 at 0x1F6F8000 (potentially modified memory range 0x1F6F8000 to 0x1F838000)
[2026-08-16 16:47:51.384] [trace] [gpu] [t6280] Make 1F6F8000 -> 1FA7D000 (3690496b) coherent, action = VC | TC
[2026-08-16 16:47:51.384] [trace] [gpu] [t6280] Make 1F6F8000 -> 1F93D000 (2379776b) coherent, action = VC | TC
[2026-08-16 16:47:51.384] [trace] [gpu] [t6280] Make 1F6F8000 -> 1F7FD000 (1069056b) coherent, action = VC | TC
[2026-08-16 16:47:51.384] [trace] [gpu] [t6280] Make 1F6F8000 -> 1FA7D000 (3690496b) coherent, action = VC | TC
[2026-08-16 16:47:51.384] [trace] [gpu] [t6280] Resolve: 0,0 <= x,y < 1280,256, k_8_8_8_8 -> k_8_8_8_8 at 0x1F838000 (potentially modified memory range 0x1F838000 to 0x1F978000)
[2026-08-16 16:47:51.384] [trace] [gpu] [t6280] Make 1F6F8000 -> 1F93D000 (2379776b) coherent, action = VC | TC
[2026-08-16 16:47:51.384] [trace] [gpu] [t6280] Make 1F6F8000 -> 1F7FD000 (1069056b) coherent, action = VC | TC
[2026-08-16 16:47:51.384] [trace] [gpu] [t6280] Make 1F6F8000 -> 1FA7D000 (3690496b) coherent, action = VC | TC
[2026-08-16 16:47:51.384] [trace] [gpu] [t6280] Make 1F6F8000 -> 1F93D000 (2379776b) coherent, action = VC | TC
[2026-08-16 16:47:51.384] [trace] [gpu] [t6280] Resolve: 0,0 <= x,y < 1280,208, k_8_8_8_8 -> k_8_8_8_8 at 0x1F978000 (potentially modified memory range 0x1F978000 to 0x1FA90000)
[2026-08-16 16:47:51.384] [trace] [gpu] [t6280] Make 1F6F8000 -> 1F7FD000 (1069056b) coherent, action = VC | TC
[2026-08-16 16:47:51.384] [trace] [gpu] [t6280] Make 1FA90000 -> 1FC90000 (2097152b) coherent, action = VC
[2026-08-16 16:47:51.430] [trace] [gpu] [t6280] Loaded tiled 1280x720x1 2D k_8_8_8_8 texture with 1 unpacked mip level, base at 0x1F6F8000 (pitch 1280, size 0x00398000), mips at 0x00000000 (size 0x00000000)
[2026-08-16 16:47:51.430] [trace] [gpu] [t6280] Make 1663D000 -> 1FC9A000 (157667328b) coherent, action = VC | TC
[2026-08-16 16:47:51.430] [trace] [gpu] [t6280] Make 1FA90000 -> 1FC90000 (2097152b) coherent, action = VC
[2026-08-16 16:47:51.430] [trace] [gpu] [t6280] Make 1FA90000 -> 1FC90000 (2097152b) coherent, action = VC
[2026-08-16 16:47:51.430] [trace] [gpu] [t6280] Resolve: 0,0 <= x,y < 1280,256, k_8_8_8_8 -> k_8_8_8_8 at 0x1F360000 (potentially modified memory range 0x1F360000 to 0x1F4A0000)
[2026-08-16 16:47:51.430] [trace] [gpu] [t6280] Make 1F360000 -> 1F6E5000 (3690496b) coherent, action = VC | TC
[2026-08-16 16:47:51.430] [trace] [gpu] [t6280] Make 1F360000 -> 1F5A5000 (2379776b) coherent, action = VC | TC
[2026-08-16 16:47:51.430] [trace] [gpu] [t6280] Make 1F360000 -> 1F465000 (1069056b) coherent, action = VC | TC
[2026-08-16 16:47:51.431] [trace] [gpu] [t6280] Make 1F360000 -> 1F6E5000 (3690496b) coherent, action = VC | TC
[2026-08-16 16:47:51.431] [trace] [gpu] [t6280] Resolve: 0,0 <= x,y < 1280,256, k_8_8_8_8 -> k_8_8_8_8 at 0x1F4A0000 (potentially modified memory range 0x1F4A0000 to 0x1F5E0000)
[2026-08-16 16:47:51.431] [trace] [gpu] [t6280] Make 1F360000 -> 1F5A5000 (2379776b) coherent, action = VC | TC
[2026-08-16 16:47:51.431] [trace] [gpu] [t6280] Make 1F360000 -> 1F465000 (1069056b) coherent, action = VC | TC
[2026-08-16 16:47:51.431] [trace] [gpu] [t6280] Make 1F360000 -> 1F6E5000 (3690496b) coherent, action = VC | TC
[2026-08-16 16:47:51.431] [trace] [gpu] [t6280] Make 1F360000 -> 1F5A5000 (2379776b) coherent, action = VC | TC
[2026-08-16 16:47:51.431] [trace] [gpu] [t6280] Resolve: 0,0 <= x,y < 1280,208, k_8_8_8_8 -> k_8_8_8_8 at 0x1F5E0000 (potentially modified memory range 0x1F5E0000 to 0x1F6F8000)
[2026-08-16 16:47:51.431] [trace] [gpu] [t6280] Make 1F360000 -> 1F465000 (1069056b) coherent, action = VC | TC
[2026-08-16 16:47:51.431] [trace] [gpu] [t6280] Make 1FA90000 -> 1FC90000 (2097152b) coherent, action = VC
[2026-08-16 16:47:51.461] [trace] [gpu] [t6280] Loaded tiled 1280x720x1 2D k_8_8_8_8 texture with 1 unpacked mip level, base at 0x1F360000 (pitch 1280, size 0x00398000), mips at 0x00000000 (size 0x00000000)
[2026-08-16 16:47:51.461] [trace] [gpu] [t6280] Make 16564000 -> 1FC9A000 (158556160b) coherent, action = VC | TC
[2026-08-16 16:47:51.461] [trace] [gpu] [t6280] Make 1FA90000 -> 1FC90000 (2097152b) coherent, action = VC
[2026-08-16 16:47:51.461] [trace] [gpu] [t6280] Make 1FA90000 -> 1FC90000 (2097152b) coherent, action = VC
[2026-08-16 16:47:51.461] [trace] [gpu] [t6280] Resolve: 0,0 <= x,y < 1280,256, k_8_8_8_8 -> k_8_8_8_8 at 0x1F6F8000 (potentially modified memory range 0x1F6F8000 to 0x1F838000)
[2026-08-16 16:47:51.461] [trace] [gpu] [t6280] Make 1F6F8000 -> 1FA7D000 (3690496b) coherent, action = VC | TC
[2026-08-16 16:47:51.461] [trace] [gpu] [t6280] Make 1F6F8000 -> 1F93D000 (2379776b) coherent, action = VC | TC
[2026-08-16 16:47:51.461] [trace] [gpu] [t6280] Make 1F6F8000 -> 1F7FD000 (1069056b) coherent, action = VC | TC
[2026-08-16 16:47:51.461] [trace] [gpu] [t6280] Make 1F6F8000 -> 1FA7D000 (3690496b) coherent, action = VC | TC
[2026-08-16 16:47:51.461] [trace] [gpu] [t6280] Resolve: 0,0 <= x,y < 1280,256, k_8_8_8_8 -> k_8_8_8_8 at 0x1F838000 (potentially modified memory range 0x1F838000 to 0x1F978000)
[2026-08-16 16:47:51.461] [trace] [gpu] [t6280] Make 1F6F8000 -> 1F93D000 (2379776b) coherent, action = VC | TC
[2026-08-16 16:47:51.461] [trace] [gpu] [t6280] Make 1F6F8000 -> 1F7FD000 (1069056b) coherent, action = VC | TC
[2026-08-16 16:47:51.462] [trace] [gpu] [t6280] Make 1F6F8000 -> 1FA7D000 (3690496b) coherent, action = VC | TC
[2026-08-16 16:47:51.462] [trace] [gpu] [t6280] Make 1F6F8000 -> 1F93D000 (2379776b) coherent, action = VC | TC
[2026-08-16 16:47:51.462] [trace] [gpu] [t6280] Resolve: 0,0 <= x,y < 1280,208, k_8_8_8_8 -> k_8_8_8_8 at 0x1F978000 (potentially modified memory range 0x1F978000 to 0x1FA90000)
[2026-08-16 16:47:51.462] [trace] [gpu] [t6280] Make 1F6F8000 -> 1F7FD000 (1069056b) coherent, action = VC | TC
[2026-08-16 16:47:51.462] [trace] [gpu] [t6280] Make 1FA90000 -> 1FC90000 (2097152b) coherent, action = VC
[2026-08-16 16:47:51.492] [trace] [gpu] [t6280] Loaded tiled 1280x720x1 2D k_8_8_8_8 texture with 1 unpacked mip level, base at 0x1F6F8000 (pitch 1280, size 0x00398000), mips at 0x00000000 (size 0x00000000)
[2026-08-16 16:47:51.492] [trace] [gpu] [t6280] Make 164E6000 -> 1FC9A000 (159072256b) coherent, action = VC | TC
[2026-08-16 16:47:51.492] [trace] [gpu] [t6280] Make 1FA90000 -> 1FC90000 (2097152b) coherent, action = VC
[2026-08-16 16:47:51.492] [trace] [gpu] [t6280] Make 1FA90000 -> 1FC90000 (2097152b) coherent, action = VC
[2026-08-16 16:47:51.492] [trace] [gpu] [t6280] Resolve: 0,0 <= x,y < 1280,256, k_8_8_8_8 -> k_8_8_8_8 at 0x1F360000 (potentially modified memory range 0x1F360000 to 0x1F4A0000)
[2026-08-16 16:47:51.492] [trace] [gpu] [t6280] Make 1F360000 -> 1F6E5000 (3690496b) coherent, action = VC | TC
[2026-08-16 16:47:51.492] [trace] [gpu] [t6280] Make 1F360000 -> 1F5A5000 (2379776b) coherent, action = VC | TC
[2026-08-16 16:47:51.492] [trace] [gpu] [t6280] Make 1F360000 -> 1F465000 (1069056b) coherent, action = VC | TC
[2026-08-16 16:47:51.492] [trace] [gpu] [t6280] Make 1F360000 -> 1F6E5000 (3690496b) coherent, action = VC | TC
[2026-08-16 16:47:51.492] [trace] [gpu] [t6280] Resolve: 0,0 <= x,y < 1280,256, k_8_8_8_8 -> k_8_8_8_8 at 0x1F4A0000 (potentially modified memory range 0x1F4A0000 to 0x1F5E0000)
[2026-08-16 16:47:51.492] [trace] [gpu] [t6280] Make 1F360000 -> 1F5A5000 (2379776b) coherent, action = VC | TC
[2026-08-16 16:47:51.492] [trace] [gpu] [t6280] Make 1F360000 -> 1F465000 (1069056b) coherent, action = VC | TC
[2026-08-16 16:47:51.493] [trace] [gpu] [t6280] Make 1F360000 -> 1F6E5000 (3690496b) coherent, action = VC | TC
[2026-08-16 16:47:51.493] [trace] [gpu] [t6280] Make 1F360000 -> 1F5A5000 (2379776b) coherent, action = VC | TC
[2026-08-16 16:47:51.493] [trace] [gpu] [t6280] Resolve: 0,0 <= x,y < 1280,208, k_8_8_8_8 -> k_8_8_8_8 at 0x1F5E0000 (potentially modified memory range 0x1F5E0000 to 0x1F6F8000)
[2026-08-16 16:47:51.493] [trace] [gpu] [t6280] Make 1F360000 -> 1F465000 (1069056b) coherent, action = VC | TC
[2026-08-16 16:47:51.493] [trace] [gpu] [t6280] Make 1FA90000 -> 1FC90000 (2097152b) coherent, action = VC
[2026-08-16 16:47:51.523] [trace] [gpu] [t6280] Loaded tiled 1280x720x1 2D k_8_8_8_8 texture with 1 unpacked mip level, base at 0x1F360000 (pitch 1280, size 0x00398000), mips at 0x00000000 (size 0x00000000)
[2026-08-16 16:47:51.523] [trace] [gpu] [t6280] Make 164AB000 -> 1FC9A000 (159313920b) coherent, action = VC | TC
[2026-08-16 16:47:51.523] [trace] [gpu] [t6280] Make 1FA90000 -> 1FC90000 (2097152b) coherent, action = VC
[2026-08-16 16:47:51.523] [trace] [gpu] [t6280] Make 1FA90000 -> 1FC90000 (2097152b) coherent, action = VC
[2026-08-16 16:47:51.523] [trace] [gpu] [t6280] Resolve: 0,0 <= x,y < 1280,256, k_8_8_8_8 -> k_8_8_8_8 at 0x1F6F8000 (potentially modified memory range 0x1F6F8000 to 0x1F838000)
[2026-08-16 16:47:51.523] [trace] [gpu] [t6280] Make 1F6F8000 -> 1FA7D000 (3690496b) coherent, action = VC | TC
[2026-08-16 16:47:51.523] [trace] [gpu] [t6280] Make 1F6F8000 -> 1F93D000 (2379776b) coherent, action = VC | TC
[2026-08-16 16:47:51.523] [trace] [gpu] [t6280] Make 1F6F8000 -> 1F7FD000 (1069056b) coherent, action = VC | TC
[2026-08-16 16:47:51.523] [trace] [gpu] [t6280] Make 1F6F8000 -> 1FA7D000 (3690496b) coherent, action = VC | TC
[2026-08-16 16:47:51.523] [trace] [gpu] [t6280] Resolve: 0,0 <= x,y < 1280,256, k_8_8_8_8 -> k_8_8_8_8 at 0x1F838000 (potentially modified memory range 0x1F838000 to 0x1F978000)
[2026-08-16 16:47:51.523] [trace] [gpu] [t6280] Make 1F6F8000 -> 1F93D000 (2379776b) coherent, action = VC | TC
[2026-08-16 16:47:51.523] [trace] [gpu] [t6280] Make 1F6F8000 -> 1F7FD000 (1069056b) coherent, action = VC | TC
[2026-08-16 16:47:51.523] [trace] [gpu] [t6280] Make 1F6F8000 -> 1FA7D000 (3690496b) coherent, action = VC | TC
[2026-08-16 16:47:51.523] [trace] [gpu] [t6280] Make 1F6F8000 -> 1F93D000 (2379776b) coherent, action = VC | TC
[2026-08-16 16:47:51.523] [trace] [gpu] [t6280] Resolve: 0,0 <= x,y < 1280,208, k_8_8_8_8 -> k_8_8_8_8 at 0x1F978000 (potentially modified memory range 0x1F978000 to 0x1FA90000)
[2026-08-16 16:47:51.523] [trace] [gpu] [t6280] Make 1F6F8000 -> 1F7FD000 (1069056b) coherent, action = VC | TC
[2026-08-16 16:47:51.523] [trace] [gpu] [t6280] Make 1FA90000 -> 1FC90000 (2097152b) coherent, action = VC
[2026-08-16 16:47:51.554] [trace] [gpu] [t6280] Loaded tiled 1280x720x1 2D k_8_8_8_8 texture with 1 unpacked mip level, base at 0x1F6F8000 (pitch 1280, size 0x00398000), mips at 0x00000000 (size 0x00000000)
[2026-08-16 16:47:51.554] [trace] [gpu] [t6280] Make 1645F000 -> 164AB000 (311296b) coherent, action = VC | TC
[2026-08-16 16:47:51.554] [trace] [gpu] [t6280] Make 1FA90000 -> 1FC90000 (2097152b) coherent, action = VC
[2026-08-16 16:47:51.554] [trace] [gpu] [t6280] Make 1FA90000 -> 1FC90000 (2097152b) coherent, action = VC
[2026-08-16 16:47:51.554] [trace] [gpu] [t6280] Resolve: 0,0 <= x,y < 1280,256, k_8_8_8_8 -> k_8_8_8_8 at 0x1F360000 (potentially modified memory range 0x1F360000 to 0x1F4A0000)
[2026-08-16 16:47:51.554] [trace] [gpu] [t6280] Make 1F360000 -> 1F6E5000 (3690496b) coherent, action = VC | TC
[2026-08-16 16:47:51.554] [trace] [gpu] [t6280] Make 1F360000 -> 1F5A5000 (2379776b) coherent, action = VC | TC
[2026-08-16 16:47:51.554] [trace] [gpu] [t6280] Make 1F360000 -> 1F465000 (1069056b) coherent, action = VC | TC
[2026-08-16 16:47:51.554] [trace] [gpu] [t6280] Make 1F360000 -> 1F6E5000 (3690496b) coherent, action = VC | TC
[2026-08-16 16:47:51.554] [trace] [gpu] [t6280] Resolve: 0,0 <= x,y < 1280,256, k_8_8_8_8 -> k_8_8_8_8 at 0x1F4A0000 (potentially modified memory range 0x1F4A0000 to 0x1F5E0000)
[2026-08-16 16:47:51.554] [trace] [gpu] [t6280] Make 1F360000 -> 1F5A5000 (2379776b) coherent, action = VC | TC
[2026-08-16 16:47:51.554] [trace] [gpu] [t6280] Make 1F360000 -> 1F465000 (1069056b) coherent, action = VC | TC
[2026-08-16 16:47:51.554] [trace] [gpu] [t6280] Make 1F360000 -> 1F6E5000 (3690496b) coherent, action = VC | TC
[2026-08-16 16:47:51.554] [trace] [gpu] [t6280] Make 1F360000 -> 1F5A5000 (2379776b) coherent, action = VC | TC
[2026-08-16 16:47:51.554] [trace] [gpu] [t6280] Resolve: 0,0 <= x,y < 1280,208, k_8_8_8_8 -> k_8_8_8_8 at 0x1F5E0000 (potentially modified memory range 0x1F5E0000 to 0x1F6F8000)
[2026-08-16 16:47:51.554] [trace] [gpu] [t6280] Make 1F360000 -> 1F465000 (1069056b) coherent, action = VC | TC
[2026-08-16 16:47:51.554] [trace] [gpu] [t6280] Make 1FA90000 -> 1FC90000 (2097152b) coherent, action = VC
[2026-08-16 16:47:51.584] [trace] [gpu] [t6280] Loaded tiled 1280x720x1 2D k_8_8_8_8 texture with 1 unpacked mip level, base at 0x1F360000 (pitch 1280, size 0x00398000), mips at 0x00000000 (size 0x00000000)
[2026-08-16 16:47:51.585] [trace] [gpu] [t6280] Make 16416000 -> 1FC9A000 (159924224b) coherent, action = VC | TC
[2026-08-16 16:47:51.585] [trace] [gpu] [t6280] Make 1FA90000 -> 1FC90000 (2097152b) coherent, action = VC
[2026-08-16 16:47:51.585] [trace] [gpu] [t6280] Make 1FA90000 -> 1FC90000 (2097152b) coherent, action = VC
[2026-08-16 16:47:51.585] [trace] [gpu] [t6280] Resolve: 0,0 <= x,y < 1280,256, k_8_8_8_8 -> k_8_8_8_8 at 0x1F6F8000 (potentially modified memory range 0x1F6F8000 to 0x1F838000)
[2026-08-16 16:47:51.585] [trace] [gpu] [t6280] Make 1F6F8000 -> 1FA7D000 (3690496b) coherent, action = VC | TC
[2026-08-16 16:47:51.585] [trace] [gpu] [t6280] Make 1F6F8000 -> 1F93D000 (2379776b) coherent, action = VC | TC
[2026-08-16 16:47:51.585] [trace] [gpu] [t6280] Make 1F6F8000 -> 1F7FD000 (1069056b) coherent, action = VC | TC
[2026-08-16 16:47:51.585] [trace] [gpu] [t6280] Make 1F6F8000 -> 1FA7D000 (3690496b) coherent, action = VC | TC
[2026-08-16 16:47:51.585] [trace] [gpu] [t6280] Resolve: 0,0 <= x,y < 1280,256, k_8_8_8_8 -> k_8_8_8_8 at 0x1F838000 (potentially modified memory range 0x1F838000 to 0x1F978000)
[2026-08-16 16:47:51.585] [trace] [gpu] [t6280] Make 1F6F8000 -> 1F93D000 (2379776b) coherent, action = VC | TC
[2026-08-16 16:47:51.585] [trace] [gpu] [t6280] Make 1F6F8000 -> 1F7FD000 (1069056b) coherent, action = VC | TC
[2026-08-16 16:47:51.585] [trace] [gpu] [t6280] Make 1F6F8000 -> 1FA7D000 (3690496b) coherent, action = VC | TC
[2026-08-16 16:47:51.585] [trace] [gpu] [t6280] Make 1F6F8000 -> 1F93D000 (2379776b) coherent, action = VC | TC
[2026-08-16 16:47:51.585] [trace] [gpu] [t6280] Resolve: 0,0 <= x,y < 1280,208, k_8_8_8_8 -> k_8_8_8_8 at 0x1F978000 (potentially modified memory range 0x1F978000 to 0x1FA90000)
[2026-08-16 16:47:51.585] [trace] [gpu] [t6280] Make 1F6F8000 -> 1F7FD000 (1069056b) coherent, action = VC | TC
[2026-08-16 16:47:51.585] [trace] [gpu] [t6280] Make 1FA90000 -> 1FC90000 (2097152b) coherent, action = VC
[2026-08-16 16:47:51.616] [trace] [gpu] [t6280] Loaded tiled 1280x720x1 2D k_8_8_8_8 texture with 1 unpacked mip level, base at 0x1F6F8000 (pitch 1280, size 0x00398000), mips at 0x00000000 (size 0x00000000)
[2026-08-16 16:47:51.616] [trace] [gpu] [t6280] Make 163D5000 -> 16416000 (266240b) coherent, action = VC | TC
[2026-08-16 16:47:51.616] [trace] [gpu] [t6280] Make 1FA90000 -> 1FC90000 (2097152b) coherent, action = VC
[2026-08-16 16:47:51.616] [trace] [gpu] [t6280] Make 1FA90000 -> 1FC90000 (2097152b) coherent, action = VC
[2026-08-16 16:47:51.616] [trace] [gpu] [t6280] Resolve: 0,0 <= x,y < 1280,256, k_8_8_8_8 -> k_8_8_8_8 at 0x1F360000 (potentially modified memory range 0x1F360000 to 0x1F4A0000)
[2026-08-16 16:47:51.616] [trace] [gpu] [t6280] Make 1F360000 -> 1F6E5000 (3690496b) coherent, action = VC | TC
[2026-08-16 16:47:51.616] [trace] [gpu] [t6280] Make 1F360000 -> 1F5A5000 (2379776b) coherent, action = VC | TC
[2026-08-16 16:47:51.616] [trace] [gpu] [t6280] Make 1F360000 -> 1F465000 (1069056b) coherent, action = VC | TC
[2026-08-16 16:47:51.617] [trace] [gpu] [t6280] Make 1F360000 -> 1F6E5000 (3690496b) coherent, action = VC | TC
[2026-08-16 16:47:51.617] [trace] [gpu] [t6280] Resolve: 0,0 <= x,y < 1280,256, k_8_8_8_8 -> k_8_8_8_8 at 0x1F4A0000 (potentially modified memory range 0x1F4A0000 to 0x1F5E0000)
[2026-08-16 16:47:51.617] [trace] [gpu] [t6280] Make 1F360000 -> 1F5A5000 (2379776b) coherent, action = VC | TC
[2026-08-16 16:47:51.617] [trace] [gpu] [t6280] Make 1F360000 -> 1F465000 (1069056b) coherent, action = VC | TC
[2026-08-16 16:47:51.617] [trace] [gpu] [t6280] Make 1F360000 -> 1F6E5000 (3690496b) coherent, action = VC | TC
[2026-08-16 16:47:51.617] [trace] [gpu] [t6280] Make 1F360000 -> 1F5A5000 (2379776b) coherent, action = VC | TC
[2026-08-16 16:47:51.617] [trace] [gpu] [t6280] Resolve: 0,0 <= x,y < 1280,208, k_8_8_8_8 -> k_8_8_8_8 at 0x1F5E0000 (potentially modified memory range 0x1F5E0000 to 0x1F6F8000)
[2026-08-16 16:47:51.617] [trace] [gpu] [t6280] Make 1F360000 -> 1F465000 (1069056b) coherent, action = VC | TC
[2026-08-16 16:47:51.617] [trace] [gpu] [t6280] Make 1FA90000 -> 1FC90000 (2097152b) coherent, action = VC
[2026-08-16 16:47:51.647] [trace] [gpu] [t6280] Loaded tiled 1280x720x1 2D k_8_8_8_8 texture with 1 unpacked mip level, base at 0x1F360000 (pitch 1280, size 0x00398000), mips at 0x00000000 (size 0x00000000)
[2026-08-16 16:47:51.647] [trace] [gpu] [t6280] Make 16395000 -> 1FC9A000 (160452608b) coherent, action = VC | TC
[2026-08-16 16:47:51.647] [trace] [gpu] [t6280] Make 1FA90000 -> 1FC90000 (2097152b) coherent, action = VC
[2026-08-16 16:47:51.648] [trace] [gpu] [t6280] Make 1FA90000 -> 1FC90000 (2097152b) coherent, action = VC
[2026-08-16 16:47:51.648] [trace] [gpu] [t6280] Resolve: 0,0 <= x,y < 1280,256, k_8_8_8_8 -> k_8_8_8_8 at 0x1F6F8000 (potentially modified memory range 0x1F6F8000 to 0x1F838000)
[2026-08-16 16:47:51.648] [trace] [gpu] [t6280] Make 1F6F8000 -> 1FA7D000 (3690496b) coherent, action = VC | TC
[2026-08-16 16:47:51.648] [trace] [gpu] [t6280] Make 1F6F8000 -> 1F93D000 (2379776b) coherent, action = VC | TC
[2026-08-16 16:47:51.648] [trace] [gpu] [t6280] Make 1F6F8000 -> 1F7FD000 (1069056b) coherent, action = VC | TC
[2026-08-16 16:47:51.648] [trace] [gpu] [t6280] Make 1F6F8000 -> 1FA7D000 (3690496b) coherent, action = VC | TC
[2026-08-16 16:47:51.648] [trace] [gpu] [t6280] Resolve: 0,0 <= x,y < 1280,256, k_8_8_8_8 -> k_8_8_8_8 at 0x1F838000 (potentially modified memory range 0x1F838000 to 0x1F978000)
[2026-08-16 16:47:51.648] [trace] [gpu] [t6280] Make 1F6F8000 -> 1F93D000 (2379776b) coherent, action = VC | TC
[2026-08-16 16:47:51.648] [trace] [gpu] [t6280] Make 1F6F8000 -> 1F7FD000 (1069056b) coherent, action = VC | TC
[2026-08-16 16:47:51.648] [trace] [gpu] [t6280] Make 1F6F8000 -> 1FA7D000 (3690496b) coherent, action = VC | TC
[2026-08-16 16:47:51.648] [trace] [gpu] [t6280] Make 1F6F8000 -> 1F93D000 (2379776b) coherent, action = VC | TC
[2026-08-16 16:47:51.648] [trace] [gpu] [t6280] Resolve: 0,0 <= x,y < 1280,208, k_8_8_8_8 -> k_8_8_8_8 at 0x1F978000 (potentially modified memory range 0x1F978000 to 0x1FA90000)
[2026-08-16 16:47:51.648] [trace] [gpu] [t6280] Make 1F6F8000 -> 1F7FD000 (1069056b) coherent, action = VC | TC
[2026-08-16 16:47:51.648] [trace] [gpu] [t6280] Make 1FA90000 -> 1FC90000 (2097152b) coherent, action = VC
[2026-08-16 16:47:51.678] [trace] [gpu] [t6280] Loaded tiled 1280x720x1 2D k_8_8_8_8 texture with 1 unpacked mip level, base at 0x1F6F8000 (pitch 1280, size 0x00398000), mips at 0x00000000 (size 0x00000000)
[2026-08-16 16:47:51.678] [trace] [gpu] [t6280] Make 16353000 -> 16395000 (270336b) coherent, action = VC | TC
[2026-08-16 16:47:51.678] [trace] [gpu] [t6280] Make 1FA90000 -> 1FC90000 (2097152b) coherent, action = VC
[2026-08-16 16:47:51.678] [trace] [gpu] [t6280] Make 1FA90000 -> 1FC90000 (2097152b) coherent, action = VC
[2026-08-16 16:47:51.678] [trace] [gpu] [t6280] Resolve: 0,0 <= x,y < 1280,256, k_8_8_8_8 -> k_8_8_8_8 at 0x1F360000 (potentially modified memory range 0x1F360000 to 0x1F4A0000)
[2026-08-16 16:47:51.678] [trace] [gpu] [t6280] Make 1F360000 -> 1F6E5000 (3690496b) coherent, action = VC | TC
[2026-08-16 16:47:51.678] [trace] [gpu] [t6280] Make 1F360000 -> 1F5A5000 (2379776b) coherent, action = VC | TC
[2026-08-16 16:47:51.678] [trace] [gpu] [t6280] Make 1F360000 -> 1F465000 (1069056b) coherent, action = VC | TC
[2026-08-16 16:47:51.679] [trace] [gpu] [t6280] Make 1F360000 -> 1F6E5000 (3690496b) coherent, action = VC | TC
[2026-08-16 16:47:51.679] [trace] [gpu] [t6280] Resolve: 0,0 <= x,y < 1280,256, k_8_8_8_8 -> k_8_8_8_8 at 0x1F4A0000 (potentially modified memory range 0x1F4A0000 to 0x1F5E0000)
[2026-08-16 16:47:51.679] [trace] [gpu] [t6280] Make 1F360000 -> 1F5A5000 (2379776b) coherent, action = VC | TC
[2026-08-16 16:47:51.679] [trace] [gpu] [t6280] Make 1F360000 -> 1F465000 (1069056b) coherent, action = VC | TC
[2026-08-16 16:47:51.679] [trace] [gpu] [t6280] Make 1F360000 -> 1F6E5000 (3690496b) coherent, action = VC | TC
[2026-08-16 16:47:51.679] [trace] [gpu] [t6280] Make 1F360000 -> 1F5A5000 (2379776b) coherent, action = VC | TC
[2026-08-16 16:47:51.679] [trace] [gpu] [t6280] Resolve: 0,0 <= x,y < 1280,208, k_8_8_8_8 -> k_8_8_8_8 at 0x1F5E0000 (potentially modified memory range 0x1F5E0000 to 0x1F6F8000)
[2026-08-16 16:47:51.679] [trace] [gpu] [t6280] Make 1F360000 -> 1F465000 (1069056b) coherent, action = VC | TC
[2026-08-16 16:47:51.679] [trace] [gpu] [t6280] Make 1FA90000 -> 1FC90000 (2097152b) coherent, action = VC
[2026-08-16 16:47:51.709] [trace] [gpu] [t6280] Loaded tiled 1280x720x1 2D k_8_8_8_8 texture with 1 unpacked mip level, base at 0x1F360000 (pitch 1280, size 0x00398000), mips at 0x00000000 (size 0x00000000)
[2026-08-16 16:47:51.709] [trace] [gpu] [t6280] Make 16312000 -> 1FC9A000 (160989184b) coherent, action = VC | TC
[2026-08-16 16:47:51.709] [trace] [gpu] [t6280] Make 1FA90000 -> 1FC90000 (2097152b) coherent, action = VC
[2026-08-16 16:47:51.710] [trace] [gpu] [t6280] Make 1FA90000 -> 1FC90000 (2097152b) coherent, action = VC
[2026-08-16 16:47:51.710] [trace] [gpu] [t6280] Resolve: 0,0 <= x,y < 1280,256, k_8_8_8_8 -> k_8_8_8_8 at 0x1F6F8000 (potentially modified memory range 0x1F6F8000 to 0x1F838000)
[2026-08-16 16:47:51.710] [trace] [gpu] [t6280] Make 1F6F8000 -> 1FA7D000 (3690496b) coherent, action = VC | TC
[2026-08-16 16:47:51.710] [trace] [gpu] [t6280] Make 1F6F8000 -> 1F93D000 (2379776b) coherent, action = VC | TC
[2026-08-16 16:47:51.710] [trace] [gpu] [t6280] Make 1F6F8000 -> 1F7FD000 (1069056b) coherent, action = VC | TC
[2026-08-16 16:47:51.710] [trace] [gpu] [t6280] Make 1F6F8000 -> 1FA7D000 (3690496b) coherent, action = VC | TC
[2026-08-16 16:47:51.710] [trace] [gpu] [t6280] Resolve: 0,0 <= x,y < 1280,256, k_8_8_8_8 -> k_8_8_8_8 at 0x1F838000 (potentially modified memory range 0x1F838000 to 0x1F978000)
[2026-08-16 16:47:51.710] [trace] [gpu] [t6280] Make 1F6F8000 -> 1F93D000 (2379776b) coherent, action = VC | TC
[2026-08-16 16:47:51.710] [trace] [gpu] [t6280] Make 1F6F8000 -> 1F7FD000 (1069056b) coherent, action = VC | TC
[2026-08-16 16:47:51.710] [trace] [gpu] [t6280] Make 1F6F8000 -> 1FA7D000 (3690496b) coherent, action = VC | TC
[2026-08-16 16:47:51.710] [trace] [gpu] [t6280] Make 1F6F8000 -> 1F93D000 (2379776b) coherent, action = VC | TC
[2026-08-16 16:47:51.710] [trace] [gpu] [t6280] Resolve: 0,0 <= x,y < 1280,208, k_8_8_8_8 -> k_8_8_8_8 at 0x1F978000 (potentially modified memory range 0x1F978000 to 0x1FA90000)
[2026-08-16 16:47:51.710] [trace] [gpu] [t6280] Make 1F6F8000 -> 1F7FD000 (1069056b) coherent, action = VC | TC
[2026-08-16 16:47:51.710] [trace] [gpu] [t6280] Make 1FA90000 -> 1FC90000 (2097152b) coherent, action = VC
[2026-08-16 16:47:51.741] [trace] [gpu] [t6280] Loaded tiled 1280x720x1 2D k_8_8_8_8 texture with 1 unpacked mip level, base at 0x1F6F8000 (pitch 1280, size 0x00398000), mips at 0x00000000 (size 0x00000000)
[2026-08-16 16:47:51.741] [trace] [gpu] [t6280] Make 162D1000 -> 16312000 (266240b) coherent, action = VC | TC
[2026-08-16 16:47:51.741] [trace] [gpu] [t6280] Make 1FA90000 -> 1FC90000 (2097152b) coherent, action = VC
[2026-08-16 16:47:51.741] [trace] [gpu] [t6280] Make 1FA90000 -> 1FC90000 (2097152b) coherent, action = VC
[2026-08-16 16:47:51.741] [trace] [gpu] [t6280] Resolve: 0,0 <= x,y < 1280,256, k_8_8_8_8 -> k_8_8_8_8 at 0x1F360000 (potentially modified memory range 0x1F360000 to 0x1F4A0000)
[2026-08-16 16:47:51.741] [trace] [gpu] [t6280] Make 1F360000 -> 1F6E5000 (3690496b) coherent, action = VC | TC
[2026-08-16 16:47:51.741] [trace] [gpu] [t6280] Make 1F360000 -> 1F5A5000 (2379776b) coherent, action = VC | TC
[2026-08-16 16:47:51.741] [trace] [gpu] [t6280] Make 1F360000 -> 1F465000 (1069056b) coherent, action = VC | TC
[2026-08-16 16:47:51.741] [trace] [gpu] [t6280] Make 1F360000 -> 1F6E5000 (3690496b) coherent, action = VC | TC
[2026-08-16 16:47:51.741] [trace] [gpu] [t6280] Resolve: 0,0 <= x,y < 1280,256, k_8_8_8_8 -> k_8_8_8_8 at 0x1F4A0000 (potentially modified memory range 0x1F4A0000 to 0x1F5E0000)
[2026-08-16 16:47:51.741] [trace] [gpu] [t6280] Make 1F360000 -> 1F5A5000 (2379776b) coherent, action = VC | TC
[2026-08-16 16:47:51.741] [trace] [gpu] [t6280] Make 1F360000 -> 1F465000 (1069056b) coherent, action = VC | TC
[2026-08-16 16:47:51.741] [trace] [gpu] [t6280] Make 1F360000 -> 1F6E5000 (3690496b) coherent, action = VC | TC
[2026-08-16 16:47:51.741] [trace] [gpu] [t6280] Make 1F360000 -> 1F5A5000 (2379776b) coherent, action = VC | TC
[2026-08-16 16:47:51.741] [trace] [gpu] [t6280] Resolve: 0,0 <= x,y < 1280,208, k_8_8_8_8 -> k_8_8_8_8 at 0x1F5E0000 (potentially modified memory range 0x1F5E0000 to 0x1F6F8000)
[2026-08-16 16:47:51.741] [trace] [gpu] [t6280] Make 1F360000 -> 1F465000 (1069056b) coherent, action = VC | TC
[2026-08-16 16:47:51.741] [trace] [gpu] [t6280] Make 1FA90000 -> 1FC90000 (2097152b) coherent, action = VC
[2026-08-16 16:47:51.772] [trace] [gpu] [t6280] Loaded tiled 1280x720x1 2D k_8_8_8_8 texture with 1 unpacked mip level, base at 0x1F360000 (pitch 1280, size 0x00398000), mips at 0x00000000 (size 0x00000000)
[2026-08-16 16:47:51.772] [trace] [gpu] [t6280] Make 161FB000 -> 1FC9A000 (162131968b) coherent, action = VC | TC
[2026-08-16 16:47:51.772] [trace] [gpu] [t6280] Make 1FA90000 -> 1FC90000 (2097152b) coherent, action = VC
[2026-08-16 16:47:51.772] [trace] [gpu] [t6280] Make 1FA90000 -> 1FC90000 (2097152b) coherent, action = VC
[2026-08-16 16:47:51.772] [trace] [gpu] [t6280] Resolve: 0,0 <= x,y < 1280,256, k_8_8_8_8 -> k_8_8_8_8 at 0x1F6F8000 (potentially modified memory range 0x1F6F8000 to 0x1F838000)
[2026-08-16 16:47:51.772] [trace] [gpu] [t6280] Make 1F6F8000 -> 1FA7D000 (3690496b) coherent, action = VC | TC
[2026-08-16 16:47:51.772] [trace] [gpu] [t6280] Make 1F6F8000 -> 1F93D000 (2379776b) coherent, action = VC | TC
[2026-08-16 16:47:51.772] [trace] [gpu] [t6280] Make 1F6F8000 -> 1F7FD000 (1069056b) coherent, action = VC | TC
[2026-08-16 16:47:51.772] [trace] [gpu] [t6280] Make 1F6F8000 -> 1FA7D000 (3690496b) coherent, action = VC | TC
[2026-08-16 16:47:51.772] [trace] [gpu] [t6280] Resolve: 0,0 <= x,y < 1280,256, k_8_8_8_8 -> k_8_8_8_8 at 0x1F838000 (potentially modified memory range 0x1F838000 to 0x1F978000)
[2026-08-16 16:47:51.772] [trace] [gpu] [t6280] Make 1F6F8000 -> 1F93D000 (2379776b) coherent, action = VC | TC
[2026-08-16 16:47:51.772] [trace] [gpu] [t6280] Make 1F6F8000 -> 1F7FD000 (1069056b) coherent, action = VC | TC
[2026-08-16 16:47:51.772] [trace] [gpu] [t6280] Make 1F6F8000 -> 1FA7D000 (3690496b) coherent, action = VC | TC
[2026-08-16 16:47:51.772] [trace] [gpu] [t6280] Make 1F6F8000 -> 1F93D000 (2379776b) coherent, action = VC | TC
[2026-08-16 16:47:51.772] [trace] [gpu] [t6280] Resolve: 0,0 <= x,y < 1280,208, k_8_8_8_8 -> k_8_8_8_8 at 0x1F978000 (potentially modified memory range 0x1F978000 to 0x1FA90000)
[2026-08-16 16:47:51.772] [trace] [gpu] [t6280] Make 1F6F8000 -> 1F7FD000 (1069056b) coherent, action = VC | TC
[2026-08-16 16:47:51.772] [trace] [gpu] [t6280] Make 1FA90000 -> 1FC90000 (2097152b) coherent, action = VC
[2026-08-16 16:47:51.802] [trace] [gpu] [t6280] Loaded tiled 1280x720x1 2D k_8_8_8_8 texture with 1 unpacked mip level, base at 0x1F6F8000 (pitch 1280, size 0x00398000), mips at 0x00000000 (size 0x00000000)
[2026-08-16 16:47:51.803] [trace] [gpu] [t6280] Make 16125000 -> 1FC9A000 (163008512b) coherent, action = VC | TC
[2026-08-16 16:47:51.803] [trace] [gpu] [t6280] Make 1FA90000 -> 1FC90000 (2097152b) coherent, action = VC
[2026-08-16 16:47:51.803] [trace] [gpu] [t6280] Make 1FA90000 -> 1FC90000 (2097152b) coherent, action = VC
[2026-08-16 16:47:51.803] [trace] [gpu] [t6280] Created linear 256x1x1 2D k_8_8_8_8 texture with 1 unpacked mip level, base at 0x1FC90000 (pitch 256, size 0x00000400), mips at 0x00000000 (size 0x00000000)
[2026-08-16 16:47:51.803] [trace] [gpu] [t6280] Loaded linear 256x1x1 2D k_8_8_8_8 texture with 1 unpacked mip level, base at 0x1FC90000 (pitch 256, size 0x00000400), mips at 0x00000000 (size 0x00000000)
[2026-08-16 16:47:51.804] [trace] [gpu] [t6280] Created linear 256x1x1 2D k_8_8_8_8 texture with 1 unpacked mip level, base at 0x186DD000 (pitch 256, size 0x00000400), mips at 0x00000000 (size 0x00000000)
[2026-08-16 16:47:51.804] [trace] [gpu] [t6280] Loaded linear 256x1x1 2D k_8_8_8_8 texture with 1 unpacked mip level, base at 0x186DD000 (pitch 256, size 0x00000400), mips at 0x00000000 (size 0x00000000)
[2026-08-16 16:47:51.804] [trace] [gpu] [t6280] Created linear 256x1x1 2D k_8_8_8_8 texture with 1 unpacked mip level, base at 0x186DC000 (pitch 256, size 0x00000400), mips at 0x00000000 (size 0x00000000)
[2026-08-16 16:47:51.804] [trace] [gpu] [t6280] Loaded linear 256x1x1 2D k_8_8_8_8 texture with 1 unpacked mip level, base at 0x186DC000 (pitch 256, size 0x00000400), mips at 0x00000000 (size 0x00000000)
[2026-08-16 16:47:51.805] [trace] [gpu] [t6280] Created linear 256x1x1 2D k_8_8_8_8 texture with 1 unpacked mip level, base at 0x186DB000 (pitch 256, size 0x00000400), mips at 0x00000000 (size 0x00000000)
[2026-08-16 16:47:51.805] [trace] [gpu] [t6280] Loaded linear 256x1x1 2D k_8_8_8_8 texture with 1 unpacked mip level, base at 0x186DB000 (pitch 256, size 0x00000400), mips at 0x00000000 (size 0x00000000)
[2026-08-16 16:47:51.805] [trace] [gpu] [t6280] Created linear 256x1x1 2D k_8_8_8_8 texture with 1 unpacked mip level, base at 0x186D5000 (pitch 256, size 0x00000400), mips at 0x00000000 (size 0x00000000)
[2026-08-16 16:47:51.805] [trace] [gpu] [t6280] Loaded linear 256x1x1 2D k_8_8_8_8 texture with 1 unpacked mip level, base at 0x186D5000 (pitch 256, size 0x00000400), mips at 0x00000000 (size 0x00000000)
[2026-08-16 16:47:51.805] [trace] [gpu] [t6280] Created linear 256x1x1 2D k_8_8_8_8 texture with 1 unpacked mip level, base at 0x186D4000 (pitch 256, size 0x00000400), mips at 0x00000000 (size 0x00000000)
[2026-08-16 16:47:51.805] [trace] [gpu] [t6280] Loaded linear 256x1x1 2D k_8_8_8_8 texture with 1 unpacked mip level, base at 0x186D4000 (pitch 256, size 0x00000400), mips at 0x00000000 (size 0x00000000)
[2026-08-16 16:47:51.806] [trace] [gpu] [t6280] Created linear 256x1x1 2D k_8_8_8_8 texture with 1 unpacked mip level, base at 0x186D3000 (pitch 256, size 0x00000400), mips at 0x00000000 (size 0x00000000)
[2026-08-16 16:47:51.806] [trace] [gpu] [t6280] Loaded linear 256x1x1 2D k_8_8_8_8 texture with 1 unpacked mip level, base at 0x186D3000 (pitch 256, size 0x00000400), mips at 0x00000000 (size 0x00000000)
[2026-08-16 16:47:51.806] [trace] [gpu] [t6280] Created linear 256x1x1 2D k_8_8_8_8 texture with 1 unpacked mip level, base at 0x186D2000 (pitch 256, size 0x00000400), mips at 0x00000000 (size 0x00000000)
[2026-08-16 16:47:51.806] [trace] [gpu] [t6280] Loaded linear 256x1x1 2D k_8_8_8_8 texture with 1 unpacked mip level, base at 0x186D2000 (pitch 256, size 0x00000400), mips at 0x00000000 (size 0x00000000)
[2026-08-16 16:47:51.806] [trace] [gpu] [t6280] Created linear 256x1x1 2D k_8_8_8_8 texture with 1 unpacked mip level, base at 0x186CC000 (pitch 256, size 0x00000400), mips at 0x00000000 (size 0x00000000)
[2026-08-16 16:47:51.806] [trace] [gpu] [t6280] Loaded linear 256x1x1 2D k_8_8_8_8 texture with 1 unpacked mip level, base at 0x186CC000 (pitch 256, size 0x00000400), mips at 0x00000000 (size 0x00000000)
[2026-08-16 16:47:51.807] [trace] [gpu] [t6280] Created linear 256x1x1 2D k_8_8_8_8 texture with 1 unpacked mip level, base at 0x186CB000 (pitch 256, size 0x00000400), mips at 0x00000000 (size 0x00000000)
[2026-08-16 16:47:51.807] [trace] [gpu] [t6280] Loaded linear 256x1x1 2D k_8_8_8_8 texture with 1 unpacked mip level, base at 0x186CB000 (pitch 256, size 0x00000400), mips at 0x00000000 (size 0x00000000)
[2026-08-16 16:47:51.807] [trace] [gpu] [t6280] Created linear 256x1x1 2D k_8_8_8_8 texture with 1 unpacked mip level, base at 0x186CA000 (pitch 256, size 0x00000400), mips at 0x00000000 (size 0x00000000)
[2026-08-16 16:47:51.808] [trace] [gpu] [t6280] Loaded linear 256x1x1 2D k_8_8_8_8 texture with 1 unpacked mip level, base at 0x186CA000 (pitch 256, size 0x00000400), mips at 0x00000000 (size 0x00000000)
[2026-08-16 16:47:51.808] [trace] [gpu] [t6280] Created linear 256x1x1 2D k_8_8_8_8 texture with 1 unpacked mip level, base at 0x186C9000 (pitch 256, size 0x00000400), mips at 0x00000000 (size 0x00000000)
[2026-08-16 16:47:51.808] [trace] [gpu] [t6280] Loaded linear 256x1x1 2D k_8_8_8_8 texture with 1 unpacked mip level, base at 0x186C9000 (pitch 256, size 0x00000400), mips at 0x00000000 (size 0x00000000)
[2026-08-16 16:47:51.808] [trace] [gpu] [t6280] Created linear 256x1x1 2D k_8_8_8_8 texture with 1 unpacked mip level, base at 0x186C3000 (pitch 256, size 0x00000400), mips at 0x00000000 (size 0x00000000)
[2026-08-16 16:47:51.808] [trace] [gpu] [t6280] Loaded linear 256x1x1 2D k_8_8_8_8 texture with 1 unpacked mip level, base at 0x186C3000 (pitch 256, size 0x00000400), mips at 0x00000000 (size 0x00000000)
[2026-08-16 16:47:51.809] [trace] [gpu] [t6280] Created linear 256x1x1 2D k_8_8_8_8 texture with 1 unpacked mip level, base at 0x186C2000 (pitch 256, size 0x00000400), mips at 0x00000000 (size 0x00000000)
[2026-08-16 16:47:51.809] [trace] [gpu] [t6280] Loaded linear 256x1x1 2D k_8_8_8_8 texture with 1 unpacked mip level, base at 0x186C2000 (pitch 256, size 0x00000400), mips at 0x00000000 (size 0x00000000)
[2026-08-16 16:47:51.809] [trace] [gpu] [t6280] Created linear 256x1x1 2D k_8_8_8_8 texture with 1 unpacked mip level, base at 0x186C1000 (pitch 256, size 0x00000400), mips at 0x00000000 (size 0x00000000)
[2026-08-16 16:47:51.809] [trace] [gpu] [t6280] Loaded linear 256x1x1 2D k_8_8_8_8 texture with 1 unpacked mip level, base at 0x186C1000 (pitch 256, size 0x00000400), mips at 0x00000000 (size 0x00000000)
[2026-08-16 16:47:51.809] [trace] [gpu] [t6280] Created linear 256x1x1 2D k_8_8_8_8 texture with 1 unpacked mip level, base at 0x186C0000 (pitch 256, size 0x00000400), mips at 0x00000000 (size 0x00000000)
[2026-08-16 16:47:51.809] [trace] [gpu] [t6280] Loaded linear 256x1x1 2D k_8_8_8_8 texture with 1 unpacked mip level, base at 0x186C0000 (pitch 256, size 0x00000400), mips at 0x00000000 (size 0x00000000)
[2026-08-16 16:47:51.809] [trace] [gpu] [t6280] Resolve: 0,0 <= x,y < 1280,256, k_8_8_8_8 -> k_8_8_8_8 at 0x1F360000 (potentially modified memory range 0x1F360000 to 0x1F4A0000)
[2026-08-16 16:47:51.809] [trace] [gpu] [t6280] Make 1F360000 -> 1F6E5000 (3690496b) coherent, action = VC | TC
[2026-08-16 16:47:51.809] [trace] [gpu] [t6280] Make 1F360000 -> 1F5A5000 (2379776b) coherent, action = VC | TC
[2026-08-16 16:47:51.809] [trace] [gpu] [t6280] Make 1F360000 -> 1F465000 (1069056b) coherent, action = VC | TC
[2026-08-16 16:47:51.810] [trace] [gpu] [t6280] Make 1F360000 -> 1F6E5000 (3690496b) coherent, action = VC | TC
[2026-08-16 16:47:51.810] [trace] [gpu] [t6280] Resolve: 0,0 <= x,y < 1280,256, k_8_8_8_8 -> k_8_8_8_8 at 0x1F4A0000 (potentially modified memory range 0x1F4A0000 to 0x1F5E0000)
[2026-08-16 16:47:51.810] [trace] [gpu] [t6280] Make 1F360000 -> 1F5A5000 (2379776b) coherent, action = VC | TC
[2026-08-16 16:47:51.810] [trace] [gpu] [t6280] Make 1F360000 -> 1F465000 (1069056b) coherent, action = VC | TC
[2026-08-16 16:47:51.810] [trace] [gpu] [t6280] Make 1F360000 -> 1F6E5000 (3690496b) coherent, action = VC | TC
[2026-08-16 16:47:51.810] [trace] [gpu] [t6280] Make 1F360000 -> 1F5A5000 (2379776b) coherent, action = VC | TC
[2026-08-16 16:47:51.810] [trace] [gpu] [t6280] Resolve: 0,0 <= x,y < 1280,208, k_8_8_8_8 -> k_8_8_8_8 at 0x1F5E0000 (potentially modified memory range 0x1F5E0000 to 0x1F6F8000)
[2026-08-16 16:47:51.810] [trace] [gpu] [t6280] Make 1F360000 -> 1F465000 (1069056b) coherent, action = VC | TC
[2026-08-16 16:47:51.810] [trace] [gpu] [t6280] Make 1FA90000 -> 1FC90000 (2097152b) coherent, action = VC
[2026-08-16 16:47:51.833] [trace] [gpu] [t6280] Loaded tiled 1280x720x1 2D k_8_8_8_8 texture with 1 unpacked mip level, base at 0x1F360000 (pitch 1280, size 0x00398000), mips at 0x00000000 (size 0x00000000)
[2026-08-16 16:47:51.833] [trace] [gpu] [t6280] Make 16086000 -> 1FC9A000 (163659776b) coherent, action = VC | TC
[2026-08-16 16:47:51.833] [trace] [gpu] [t6280] Make 1FA90000 -> 1FC90000 (2097152b) coherent, action = VC
[2026-08-16 16:47:51.833] [trace] [gpu] [t6280] Make 1FA90000 -> 1FC90000 (2097152b) coherent, action = VC
[2026-08-16 16:47:51.834] [trace] [gpu] [t6280] Resolve: 0,0 <= x,y < 1280,256, k_8_8_8_8 -> k_8_8_8_8 at 0x1F6F8000 (potentially modified memory range 0x1F6F8000 to 0x1F838000)
[2026-08-16 16:47:51.834] [trace] [gpu] [t6280] Make 1F6F8000 -> 1FA7D000 (3690496b) coherent, action = VC | TC
[2026-08-16 16:47:51.834] [trace] [gpu] [t6280] Make 1F6F8000 -> 1F93D000 (2379776b) coherent, action = VC | TC
[2026-08-16 16:47:51.834] [trace] [gpu] [t6280] Make 1F6F8000 -> 1F7FD000 (1069056b) coherent, action = VC | TC
[2026-08-16 16:47:51.835] [trace] [gpu] [t6280] Make 1F6F8000 -> 1FA7D000 (3690496b) coherent, action = VC | TC
[2026-08-16 16:47:51.835] [trace] [gpu] [t6280] Resolve: 0,0 <= x,y < 1280,256, k_8_8_8_8 -> k_8_8_8_8 at 0x1F838000 (potentially modified memory range 0x1F838000 to 0x1F978000)
[2026-08-16 16:47:51.835] [trace] [gpu] [t6280] Make 1F6F8000 -> 1F93D000 (2379776b) coherent, action = VC | TC
[2026-08-16 16:47:51.835] [trace] [gpu] [t6280] Make 1F6F8000 -> 1F7FD000 (1069056b) coherent, action = VC | TC
[2026-08-16 16:47:51.835] [trace] [gpu] [t6280] Make 1F6F8000 -> 1FA7D000 (3690496b) coherent, action = VC | TC
[2026-08-16 16:47:51.835] [trace] [gpu] [t6280] Make 1F6F8000 -> 1F93D000 (2379776b) coherent, action = VC | TC
[2026-08-16 16:47:51.835] [trace] [gpu] [t6280] Resolve: 0,0 <= x,y < 1280,208, k_8_8_8_8 -> k_8_8_8_8 at 0x1F978000 (potentially modified memory range 0x1F978000 to 0x1FA90000)
[2026-08-16 16:47:51.835] [trace] [gpu] [t6280] Make 1F6F8000 -> 1F7FD000 (1069056b) coherent, action = VC | TC
[2026-08-16 16:47:51.835] [trace] [gpu] [t6280] Make 1FA90000 -> 1FC90000 (2097152b) coherent, action = VC
[2026-08-16 16:47:51.864] [trace] [gpu] [t6280] Loaded tiled 1280x720x1 2D k_8_8_8_8 texture with 1 unpacked mip level, base at 0x1F6F8000 (pitch 1280, size 0x00398000), mips at 0x00000000 (size 0x00000000)
[2026-08-16 16:47:51.864] [trace] [gpu] [t6280] Make 15FC8000 -> 1FC9A000 (164438016b) coherent, action = VC | TC
[2026-08-16 16:47:51.864] [trace] [gpu] [t6280] Make 1FA90000 -> 1FC90000 (2097152b) coherent, action = VC
[2026-08-16 16:47:51.864] [trace] [gpu] [t6280] Make 1FA90000 -> 1FC90000 (2097152b) coherent, action = VC
[2026-08-16 16:47:51.864] [trace] [gpu] [t6280] Resolve: 0,0 <= x,y < 1280,256, k_8_8_8_8 -> k_8_8_8_8 at 0x1F360000 (potentially modified memory range 0x1F360000 to 0x1F4A0000)
[2026-08-16 16:47:51.864] [trace] [gpu] [t6280] Make 1F360000 -> 1F6E5000 (3690496b) coherent, action = VC | TC
[2026-08-16 16:47:51.864] [trace] [gpu] [t6280] Make 1F360000 -> 1F5A5000 (2379776b) coherent, action = VC | TC
[2026-08-16 16:47:51.865] [trace] [gpu] [t6280] Make 1F360000 -> 1F465000 (1069056b) coherent, action = VC | TC
[2026-08-16 16:47:51.865] [trace] [gpu] [t6280] Make 1F360000 -> 1F6E5000 (3690496b) coherent, action = VC | TC
[2026-08-16 16:47:51.865] [trace] [gpu] [t6280] Resolve: 0,0 <= x,y < 1280,256, k_8_8_8_8 -> k_8_8_8_8 at 0x1F4A0000 (potentially modified memory range 0x1F4A0000 to 0x1F5E0000)
[2026-08-16 16:47:51.865] [trace] [gpu] [t6280] Make 1F360000 -> 1F5A5000 (2379776b) coherent, action = VC | TC
[2026-08-16 16:47:51.865] [trace] [gpu] [t6280] Make 1F360000 -> 1F465000 (1069056b) coherent, action = VC | TC
[2026-08-16 16:47:51.865] [trace] [gpu] [t6280] Make 1F360000 -> 1F6E5000 (3690496b) coherent, action = VC | TC
[2026-08-16 16:47:51.865] [trace] [gpu] [t6280] Make 1F360000 -> 1F5A5000 (2379776b) coherent, action = VC | TC
[2026-08-16 16:47:51.865] [trace] [gpu] [t6280] Resolve: 0,0 <= x,y < 1280,208, k_8_8_8_8 -> k_8_8_8_8 at 0x1F5E0000 (potentially modified memory range 0x1F5E0000 to 0x1F6F8000)
[2026-08-16 16:47:51.865] [trace] [gpu] [t6280] Make 1F360000 -> 1F465000 (1069056b) coherent, action = VC | TC
[2026-08-16 16:47:51.865] [trace] [gpu] [t6280] Make 1FA90000 -> 1FC90000 (2097152b) coherent, action = VC
[2026-08-16 16:47:51.895] [trace] [gpu] [t6280] Loaded tiled 1280x720x1 2D k_8_8_8_8 texture with 1 unpacked mip level, base at 0x1F360000 (pitch 1280, size 0x00398000), mips at 0x00000000 (size 0x00000000)
[2026-08-16 16:47:51.895] [trace] [gpu] [t6280] Make 15EF9000 -> 1FC9A000 (165285888b) coherent, action = VC | TC
[2026-08-16 16:47:51.895] [trace] [gpu] [t6280] Make 1FA90000 -> 1FC90000 (2097152b) coherent, action = VC
[2026-08-16 16:47:51.895] [trace] [gpu] [t6280] Make 1FA90000 -> 1FC90000 (2097152b) coherent, action = VC
[2026-08-16 16:47:51.895] [trace] [gpu] [t6280] Resolve: 0,0 <= x,y < 1280,256, k_8_8_8_8 -> k_8_8_8_8 at 0x1F6F8000 (potentially modified memory range 0x1F6F8000 to 0x1F838000)
[2026-08-16 16:47:51.895] [trace] [gpu] [t6280] Make 1F6F8000 -> 1FA7D000 (3690496b) coherent, action = VC | TC
[2026-08-16 16:47:51.895] [trace] [gpu] [t6280] Make 1F6F8000 -> 1F93D000 (2379776b) coherent, action = VC | TC
[2026-08-16 16:47:51.895] [trace] [gpu] [t6280] Make 1F6F8000 -> 1F7FD000 (1069056b) coherent, action = VC | TC
[2026-08-16 16:47:51.895] [trace] [gpu] [t6280] Make 1F6F8000 -> 1FA7D000 (3690496b) coherent, action = VC | TC
[2026-08-16 16:47:51.895] [trace] [gpu] [t6280] Resolve: 0,0 <= x,y < 1280,256, k_8_8_8_8 -> k_8_8_8_8 at 0x1F838000 (potentially modified memory range 0x1F838000 to 0x1F978000)
[2026-08-16 16:47:51.895] [trace] [gpu] [t6280] Make 1F6F8000 -> 1F93D000 (2379776b) coherent, action = VC | TC
[2026-08-16 16:47:51.895] [trace] [gpu] [t6280] Make 1F6F8000 -> 1F7FD000 (1069056b) coherent, action = VC | TC
[2026-08-16 16:47:51.896] [trace] [gpu] [t6280] Make 1F6F8000 -> 1FA7D000 (3690496b) coherent, action = VC | TC
[2026-08-16 16:47:51.896] [trace] [gpu] [t6280] Make 1F6F8000 -> 1F93D000 (2379776b) coherent, action = VC | TC
[2026-08-16 16:47:51.896] [trace] [gpu] [t6280] Resolve: 0,0 <= x,y < 1280,208, k_8_8_8_8 -> k_8_8_8_8 at 0x1F978000 (potentially modified memory range 0x1F978000 to 0x1FA90000)
[2026-08-16 16:47:51.896] [trace] [gpu] [t6280] Make 1F6F8000 -> 1F7FD000 (1069056b) coherent, action = VC | TC
[2026-08-16 16:47:51.896] [trace] [gpu] [t6280] Make 1FA90000 -> 1FC90000 (2097152b) coherent, action = VC
[2026-08-16 16:47:51.926] [trace] [gpu] [t6280] Loaded tiled 1280x720x1 2D k_8_8_8_8 texture with 1 unpacked mip level, base at 0x1F6F8000 (pitch 1280, size 0x00398000), mips at 0x00000000 (size 0x00000000)
[2026-08-16 16:47:51.926] [trace] [gpu] [t6280] Make 15DF2000 -> 1FC9A000 (166363136b) coherent, action = VC | TC
[2026-08-16 16:47:51.926] [trace] [gpu] [t6280] Make 1FA90000 -> 1FC90000 (2097152b) coherent, action = VC
[2026-08-16 16:47:51.926] [trace] [gpu] [t6280] Make 1FA90000 -> 1FC90000 (2097152b) coherent, action = VC
[2026-08-16 16:47:51.926] [trace] [gpu] [t6280] Resolve: 0,0 <= x,y < 1280,256, k_8_8_8_8 -> k_8_8_8_8 at 0x1F360000 (potentially modified memory range 0x1F360000 to 0x1F4A0000)
[2026-08-16 16:47:51.926] [trace] [gpu] [t6280] Make 1F360000 -> 1F6E5000 (3690496b) coherent, action = VC | TC
[2026-08-16 16:47:51.926] [trace] [gpu] [t6280] Make 1F360000 -> 1F5A5000 (2379776b) coherent, action = VC | TC
[2026-08-16 16:47:51.926] [trace] [gpu] [t6280] Make 1F360000 -> 1F465000 (1069056b) coherent, action = VC | TC
[2026-08-16 16:47:51.927] [trace] [gpu] [t6280] Make 1F360000 -> 1F6E5000 (3690496b) coherent, action = VC | TC
[2026-08-16 16:47:51.927] [trace] [gpu] [t6280] Resolve: 0,0 <= x,y < 1280,256, k_8_8_8_8 -> k_8_8_8_8 at 0x1F4A0000 (potentially modified memory range 0x1F4A0000 to 0x1F5E0000)
[2026-08-16 16:47:51.927] [trace] [gpu] [t6280] Make 1F360000 -> 1F5A5000 (2379776b) coherent, action = VC | TC
[2026-08-16 16:47:51.927] [trace] [gpu] [t6280] Make 1F360000 -> 1F465000 (1069056b) coherent, action = VC | TC
[2026-08-16 16:47:51.927] [trace] [gpu] [t6280] Make 1F360000 -> 1F6E5000 (3690496b) coherent, action = VC | TC
[2026-08-16 16:47:51.927] [trace] [gpu] [t6280] Make 1F360000 -> 1F5A5000 (2379776b) coherent, action = VC | TC
[2026-08-16 16:47:51.927] [trace] [gpu] [t6280] Resolve: 0,0 <= x,y < 1280,208, k_8_8_8_8 -> k_8_8_8_8 at 0x1F5E0000 (potentially modified memory range 0x1F5E0000 to 0x1F6F8000)
[2026-08-16 16:47:51.927] [trace] [gpu] [t6280] Make 1F360000 -> 1F465000 (1069056b) coherent, action = VC | TC
[2026-08-16 16:47:51.927] [trace] [gpu] [t6280] Make 1FA90000 -> 1FC90000 (2097152b) coherent, action = VC
[2026-08-16 16:47:51.956] [trace] [gpu] [t6280] Loaded tiled 1280x720x1 2D k_8_8_8_8 texture with 1 unpacked mip level, base at 0x1F360000 (pitch 1280, size 0x00398000), mips at 0x00000000 (size 0x00000000)
[2026-08-16 16:47:51.956] [trace] [gpu] [t6280] Make 15D33000 -> 1FC9A000 (167145472b) coherent, action = VC | TC
[2026-08-16 16:47:51.956] [trace] [gpu] [t6280] Make 1FA90000 -> 1FC90000 (2097152b) coherent, action = VC
[2026-08-16 16:47:51.957] [trace] [gpu] [t6280] Make 1FA90000 -> 1FC90000 (2097152b) coherent, action = VC
[2026-08-16 16:47:51.957] [trace] [gpu] [t6280] Resolve: 0,0 <= x,y < 1280,256, k_8_8_8_8 -> k_8_8_8_8 at 0x1F6F8000 (potentially modified memory range 0x1F6F8000 to 0x1F838000)
[2026-08-16 16:47:51.957] [trace] [gpu] [t6280] Make 1F6F8000 -> 1FA7D000 (3690496b) coherent, action = VC | TC
[2026-08-16 16:47:51.957] [trace] [gpu] [t6280] Make 1F6F8000 -> 1F93D000 (2379776b) coherent, action = VC | TC
[2026-08-16 16:47:51.957] [trace] [gpu] [t6280] Make 1F6F8000 -> 1F7FD000 (1069056b) coherent, action = VC | TC
[2026-08-16 16:47:51.957] [trace] [gpu] [t6280] Make 1F6F8000 -> 1FA7D000 (3690496b) coherent, action = VC | TC
[2026-08-16 16:47:51.957] [trace] [gpu] [t6280] Resolve: 0,0 <= x,y < 1280,256, k_8_8_8_8 -> k_8_8_8_8 at 0x1F838000 (potentially modified memory range 0x1F838000 to 0x1F978000)
[2026-08-16 16:47:51.957] [trace] [gpu] [t6280] Make 1F6F8000 -> 1F93D000 (2379776b) coherent, action = VC | TC
[2026-08-16 16:47:51.957] [trace] [gpu] [t6280] Make 1F6F8000 -> 1F7FD000 (1069056b) coherent, action = VC | TC
[2026-08-16 16:47:51.957] [trace] [gpu] [t6280] Make 1F6F8000 -> 1FA7D000 (3690496b) coherent, action = VC | TC
[2026-08-16 16:47:51.957] [trace] [gpu] [t6280] Make 1F6F8000 -> 1F93D000 (2379776b) coherent, action = VC | TC
[2026-08-16 16:47:51.957] [trace] [gpu] [t6280] Resolve: 0,0 <= x,y < 1280,208, k_8_8_8_8 -> k_8_8_8_8 at 0x1F978000 (potentially modified memory range 0x1F978000 to 0x1FA90000)
[2026-08-16 16:47:51.957] [trace] [gpu] [t6280] Make 1F6F8000 -> 1F7FD000 (1069056b) coherent, action = VC | TC
[2026-08-16 16:47:51.957] [trace] [gpu] [t6280] Make 1FA90000 -> 1FC90000 (2097152b) coherent, action = VC
[2026-08-16 16:47:51.988] [trace] [gpu] [t6280] Loaded tiled 1280x720x1 2D k_8_8_8_8 texture with 1 unpacked mip level, base at 0x1F6F8000 (pitch 1280, size 0x00398000), mips at 0x00000000 (size 0x00000000)
[2026-08-16 16:47:51.988] [trace] [gpu] [t6280] Make 15BCC000 -> 1FC9A000 (168615936b) coherent, action = VC | TC
[2026-08-16 16:47:51.988] [trace] [gpu] [t6280] Make 1FA90000 -> 1FC90000 (2097152b) coherent, action = VC
[2026-08-16 16:47:51.988] [trace] [gpu] [t6280] Make 1FA90000 -> 1FC90000 (2097152b) coherent, action = VC
[2026-08-16 16:47:51.988] [trace] [gpu] [t6280] Resolve: 0,0 <= x,y < 1280,256, k_8_8_8_8 -> k_8_8_8_8 at 0x1F360000 (potentially modified memory range 0x1F360000 to 0x1F4A0000)
[2026-08-16 16:47:51.988] [trace] [gpu] [t6280] Make 1F360000 -> 1F6E5000 (3690496b) coherent, action = VC | TC
[2026-08-16 16:47:51.988] [trace] [gpu] [t6280] Make 1F360000 -> 1F5A5000 (2379776b) coherent, action = VC | TC
[2026-08-16 16:47:51.988] [trace] [gpu] [t6280] Make 1F360000 -> 1F465000 (1069056b) coherent, action = VC | TC
[2026-08-16 16:47:51.989] [trace] [gpu] [t6280] Make 1F360000 -> 1F6E5000 (3690496b) coherent, action = VC | TC
[2026-08-16 16:47:51.989] [trace] [gpu] [t6280] Resolve: 0,0 <= x,y < 1280,256, k_8_8_8_8 -> k_8_8_8_8 at 0x1F4A0000 (potentially modified memory range 0x1F4A0000 to 0x1F5E0000)
[2026-08-16 16:47:51.989] [trace] [gpu] [t6280] Make 1F360000 -> 1F5A5000 (2379776b) coherent, action = VC | TC
[2026-08-16 16:47:51.989] [trace] [gpu] [t6280] Make 1F360000 -> 1F465000 (1069056b) coherent, action = VC | TC
[2026-08-16 16:47:51.989] [trace] [gpu] [t6280] Make 1F360000 -> 1F6E5000 (3690496b) coherent, action = VC | TC
[2026-08-16 16:47:51.989] [trace] [gpu] [t6280] Make 1F360000 -> 1F5A5000 (2379776b) coherent, action = VC | TC
[2026-08-16 16:47:51.989] [trace] [gpu] [t6280] Resolve: 0,0 <= x,y < 1280,208, k_8_8_8_8 -> k_8_8_8_8 at 0x1F5E0000 (potentially modified memory range 0x1F5E0000 to 0x1F6F8000)
[2026-08-16 16:47:51.989] [trace] [gpu] [t6280] Make 1F360000 -> 1F465000 (1069056b) coherent, action = VC | TC
[2026-08-16 16:47:51.989] [trace] [gpu] [t6280] Make 1FA90000 -> 1FC90000 (2097152b) coherent, action = VC
[2026-08-16 16:47:52.018] [trace] [gpu] [t6280] Loaded tiled 1280x720x1 2D k_8_8_8_8 texture with 1 unpacked mip level, base at 0x1F360000 (pitch 1280, size 0x00398000), mips at 0x00000000 (size 0x00000000)
[2026-08-16 16:47:52.018] [trace] [gpu] [t6280] Make 15B59000 -> 1FC9A000 (169086976b) coherent, action = VC | TC
[2026-08-16 16:47:52.018] [trace] [gpu] [t6280] Make 1FA90000 -> 1FC90000 (2097152b) coherent, action = VC
[2026-08-16 16:47:52.019] [trace] [gpu] [t6280] Make 1FA90000 -> 1FC90000 (2097152b) coherent, action = VC
[2026-08-16 16:47:52.019] [trace] [gpu] [t6280] Resolve: 0,0 <= x,y < 1280,256, k_8_8_8_8 -> k_8_8_8_8 at 0x1F6F8000 (potentially modified memory range 0x1F6F8000 to 0x1F838000)
[2026-08-16 16:47:52.019] [trace] [gpu] [t6280] Make 1F6F8000 -> 1FA7D000 (3690496b) coherent, action = VC | TC
[2026-08-16 16:47:52.019] [trace] [gpu] [t6280] Make 1F6F8000 -> 1F93D000 (2379776b) coherent, action = VC | TC
[2026-08-16 16:47:52.019] [trace] [gpu] [t6280] Make 1F6F8000 -> 1F7FD000 (1069056b) coherent, action = VC | TC
[2026-08-16 16:47:52.019] [trace] [gpu] [t6280] Make 1F6F8000 -> 1FA7D000 (3690496b) coherent, action = VC | TC
[2026-08-16 16:47:52.019] [trace] [gpu] [t6280] Resolve: 0,0 <= x,y < 1280,256, k_8_8_8_8 -> k_8_8_8_8 at 0x1F838000 (potentially modified memory range 0x1F838000 to 0x1F978000)
[2026-08-16 16:47:52.019] [trace] [gpu] [t6280] Make 1F6F8000 -> 1F93D000 (2379776b) coherent, action = VC | TC
[2026-08-16 16:47:52.019] [trace] [gpu] [t6280] Make 1F6F8000 -> 1F7FD000 (1069056b) coherent, action = VC | TC
[2026-08-16 16:47:52.019] [trace] [gpu] [t6280] Make 1F6F8000 -> 1FA7D000 (3690496b) coherent, action = VC | TC
[2026-08-16 16:47:52.019] [trace] [gpu] [t6280] Make 1F6F8000 -> 1F93D000 (2379776b) coherent, action = VC | TC
[2026-08-16 16:47:52.019] [trace] [gpu] [t6280] Resolve: 0,0 <= x,y < 1280,208, k_8_8_8_8 -> k_8_8_8_8 at 0x1F978000 (potentially modified memory range 0x1F978000 to 0x1FA90000)
[2026-08-16 16:47:52.019] [trace] [gpu] [t6280] Make 1F6F8000 -> 1F7FD000 (1069056b) coherent, action = VC | TC
[2026-08-16 16:47:52.019] [trace] [gpu] [t6280] Make 1FA90000 -> 1FC90000 (2097152b) coherent, action = VC
[2026-08-16 16:47:52.049] [trace] [gpu] [t6280] Loaded tiled 1280x720x1 2D k_8_8_8_8 texture with 1 unpacked mip level, base at 0x1F6F8000 (pitch 1280, size 0x00398000), mips at 0x00000000 (size 0x00000000)
[2026-08-16 16:47:52.049] [trace] [gpu] [t6280] Make 159A0000 -> 1FC9A000 (170893312b) coherent, action = VC | TC
[2026-08-16 16:47:52.049] [trace] [gpu] [t6280] Make 1FA90000 -> 1FC90000 (2097152b) coherent, action = VC
[2026-08-16 16:47:52.050] [trace] [gpu] [t6280] Make 1FA90000 -> 1FC90000 (2097152b) coherent, action = VC
[2026-08-16 16:47:52.050] [trace] [gpu] [t6280] Resolve: 0,0 <= x,y < 1280,256, k_8_8_8_8 -> k_8_8_8_8 at 0x1F360000 (potentially modified memory range 0x1F360000 to 0x1F4A0000)
[2026-08-16 16:47:52.050] [trace] [gpu] [t6280] Make 1F360000 -> 1F6E5000 (3690496b) coherent, action = VC | TC
[2026-08-16 16:47:52.050] [trace] [gpu] [t6280] Make 1F360000 -> 1F5A5000 (2379776b) coherent, action = VC | TC
[2026-08-16 16:47:52.050] [trace] [gpu] [t6280] Make 1F360000 -> 1F465000 (1069056b) coherent, action = VC | TC
[2026-08-16 16:47:52.050] [trace] [gpu] [t6280] Make 1F360000 -> 1F6E5000 (3690496b) coherent, action = VC | TC
[2026-08-16 16:47:52.050] [trace] [gpu] [t6280] Resolve: 0,0 <= x,y < 1280,256, k_8_8_8_8 -> k_8_8_8_8 at 0x1F4A0000 (potentially modified memory range 0x1F4A0000 to 0x1F5E0000)
[2026-08-16 16:47:52.050] [trace] [gpu] [t6280] Make 1F360000 -> 1F5A5000 (2379776b) coherent, action = VC | TC
[2026-08-16 16:47:52.050] [trace] [gpu] [t6280] Make 1F360000 -> 1F465000 (1069056b) coherent, action = VC | TC
[2026-08-16 16:47:52.050] [trace] [gpu] [t6280] Make 1F360000 -> 1F6E5000 (3690496b) coherent, action = VC | TC
[2026-08-16 16:47:52.050] [trace] [gpu] [t6280] Make 1F360000 -> 1F5A5000 (2379776b) coherent, action = VC | TC
[2026-08-16 16:47:52.050] [trace] [gpu] [t6280] Resolve: 0,0 <= x,y < 1280,208, k_8_8_8_8 -> k_8_8_8_8 at 0x1F5E0000 (potentially modified memory range 0x1F5E0000 to 0x1F6F8000)
[2026-08-16 16:47:52.050] [trace] [gpu] [t6280] Make 1F360000 -> 1F465000 (1069056b) coherent, action = VC | TC
[2026-08-16 16:47:52.050] [trace] [gpu] [t6280] Make 1FA90000 -> 1FC90000 (2097152b) coherent, action = VC
[2026-08-16 16:47:52.080] [trace] [gpu] [t6280] Loaded tiled 1280x720x1 2D k_8_8_8_8 texture with 1 unpacked mip level, base at 0x1F360000 (pitch 1280, size 0x00398000), mips at 0x00000000 (size 0x00000000)
[2026-08-16 16:47:52.080] [trace] [gpu] [t6280] Make 15924000 -> 1FC9A000 (171401216b) coherent, action = VC | TC
[2026-08-16 16:47:52.080] [trace] [gpu] [t6280] Make 1FA90000 -> 1FC90000 (2097152b) coherent, action = VC
[2026-08-16 16:47:52.080] [trace] [gpu] [t6280] Make 1FA90000 -> 1FC90000 (2097152b) coherent, action = VC
[2026-08-16 16:47:52.080] [trace] [gpu] [t6280] Resolve: 0,0 <= x,y < 1280,256, k_8_8_8_8 -> k_8_8_8_8 at 0x1F6F8000 (potentially modified memory range 0x1F6F8000 to 0x1F838000)
[2026-08-16 16:47:52.080] [trace] [gpu] [t6280] Make 1F6F8000 -> 1FA7D000 (3690496b) coherent, action = VC | TC
[2026-08-16 16:47:52.080] [trace] [gpu] [t6280] Make 1F6F8000 -> 1F93D000 (2379776b) coherent, action = VC | TC
[2026-08-16 16:47:52.080] [trace] [gpu] [t6280] Make 1F6F8000 -> 1F7FD000 (1069056b) coherent, action = VC | TC
[2026-08-16 16:47:52.080] [trace] [gpu] [t6280] Make 1F6F8000 -> 1FA7D000 (3690496b) coherent, action = VC | TC
[2026-08-16 16:47:52.080] [trace] [gpu] [t6280] Resolve: 0,0 <= x,y < 1280,256, k_8_8_8_8 -> k_8_8_8_8 at 0x1F838000 (potentially modified memory range 0x1F838000 to 0x1F978000)
[2026-08-16 16:47:52.080] [trace] [gpu] [t6280] Make 1F6F8000 -> 1F93D000 (2379776b) coherent, action = VC | TC
[2026-08-16 16:47:52.080] [trace] [gpu] [t6280] Make 1F6F8000 -> 1F7FD000 (1069056b) coherent, action = VC | TC
[2026-08-16 16:47:52.080] [trace] [gpu] [t6280] Make 1F6F8000 -> 1FA7D000 (3690496b) coherent, action = VC | TC
[2026-08-16 16:47:52.080] [trace] [gpu] [t6280] Make 1F6F8000 -> 1F93D000 (2379776b) coherent, action = VC | TC
[2026-08-16 16:47:52.080] [trace] [gpu] [t6280] Resolve: 0,0 <= x,y < 1280,208, k_8_8_8_8 -> k_8_8_8_8 at 0x1F978000 (potentially modified memory range 0x1F978000 to 0x1FA90000)
[2026-08-16 16:47:52.080] [trace] [gpu] [t6280] Make 1F6F8000 -> 1F7FD000 (1069056b) coherent, action = VC | TC
[2026-08-16 16:47:52.080] [trace] [gpu] [t6280] Make 1FA90000 -> 1FC90000 (2097152b) coherent, action = VC
[2026-08-16 16:47:52.111] [trace] [gpu] [t6280] Loaded tiled 1280x720x1 2D k_8_8_8_8 texture with 1 unpacked mip level, base at 0x1F6F8000 (pitch 1280, size 0x00398000), mips at 0x00000000 (size 0x00000000)
[2026-08-16 16:47:52.112] [trace] [gpu] [t6280] Make 1589B000 -> 1FC9A000 (171962368b) coherent, action = VC | TC
[2026-08-16 16:47:52.112] [trace] [gpu] [t6280] Make 1FA90000 -> 1FC90000 (2097152b) coherent, action = VC
[2026-08-16 16:47:52.112] [trace] [gpu] [t6280] Make 1FA90000 -> 1FC90000 (2097152b) coherent, action = VC
[2026-08-16 16:47:52.112] [trace] [gpu] [t6280] Resolve: 0,0 <= x,y < 1280,256, k_8_8_8_8 -> k_8_8_8_8 at 0x1F360000 (potentially modified memory range 0x1F360000 to 0x1F4A0000)
[2026-08-16 16:47:52.112] [trace] [gpu] [t6280] Make 1F360000 -> 1F6E5000 (3690496b) coherent, action = VC | TC
[2026-08-16 16:47:52.112] [trace] [gpu] [t6280] Make 1F360000 -> 1F5A5000 (2379776b) coherent, action = VC | TC
[2026-08-16 16:47:52.112] [trace] [gpu] [t6280] Make 1F360000 -> 1F465000 (1069056b) coherent, action = VC | TC
[2026-08-16 16:47:52.112] [trace] [gpu] [t6280] Make 1F360000 -> 1F6E5000 (3690496b) coherent, action = VC | TC
[2026-08-16 16:47:52.112] [trace] [gpu] [t6280] Resolve: 0,0 <= x,y < 1280,256, k_8_8_8_8 -> k_8_8_8_8 at 0x1F4A0000 (potentially modified memory range 0x1F4A0000 to 0x1F5E0000)
[2026-08-16 16:47:52.112] [trace] [gpu] [t6280] Make 1F360000 -> 1F5A5000 (2379776b) coherent, action = VC | TC
[2026-08-16 16:47:52.112] [trace] [gpu] [t6280] Make 1F360000 -> 1F465000 (1069056b) coherent, action = VC | TC
[2026-08-16 16:47:52.112] [trace] [gpu] [t6280] Make 1F360000 -> 1F6E5000 (3690496b) coherent, action = VC | TC
[2026-08-16 16:47:52.112] [trace] [gpu] [t6280] Make 1F360000 -> 1F5A5000 (2379776b) coherent, action = VC | TC
[2026-08-16 16:47:52.112] [trace] [gpu] [t6280] Resolve: 0,0 <= x,y < 1280,208, k_8_8_8_8 -> k_8_8_8_8 at 0x1F5E0000 (potentially modified memory range 0x1F5E0000 to 0x1F6F8000)
[2026-08-16 16:47:52.112] [trace] [gpu] [t6280] Make 1F360000 -> 1F465000 (1069056b) coherent, action = VC | TC
[2026-08-16 16:47:52.112] [trace] [gpu] [t6280] Make 1FA90000 -> 1FC90000 (2097152b) coherent, action = VC
[2026-08-16 16:47:52.143] [trace] [gpu] [t6280] Loaded tiled 1280x720x1 2D k_8_8_8_8 texture with 1 unpacked mip level, base at 0x1F360000 (pitch 1280, size 0x00398000), mips at 0x00000000 (size 0x00000000)
[2026-08-16 16:47:52.143] [trace] [gpu] [t6280] Make 15732000 -> 1FC9A000 (173441024b) coherent, action = VC | TC
[2026-08-16 16:47:52.143] [trace] [gpu] [t6280] Make 1FA90000 -> 1FC90000 (2097152b) coherent, action = VC
[2026-08-16 16:47:52.143] [trace] [gpu] [t6280] Make 1FA90000 -> 1FC90000 (2097152b) coherent, action = VC
[2026-08-16 16:47:52.143] [trace] [gpu] [t6280] Resolve: 0,0 <= x,y < 1280,256, k_8_8_8_8 -> k_8_8_8_8 at 0x1F6F8000 (potentially modified memory range 0x1F6F8000 to 0x1F838000)
[2026-08-16 16:47:52.143] [trace] [gpu] [t6280] Make 1F6F8000 -> 1FA7D000 (3690496b) coherent, action = VC | TC
[2026-08-16 16:47:52.143] [trace] [gpu] [t6280] Make 1F6F8000 -> 1F93D000 (2379776b) coherent, action = VC | TC
[2026-08-16 16:47:52.143] [trace] [gpu] [t6280] Make 1F6F8000 -> 1F7FD000 (1069056b) coherent, action = VC | TC
[2026-08-16 16:47:52.144] [trace] [gpu] [t6280] Make 1F6F8000 -> 1FA7D000 (3690496b) coherent, action = VC | TC
[2026-08-16 16:47:52.144] [trace] [gpu] [t6280] Resolve: 0,0 <= x,y < 1280,256, k_8_8_8_8 -> k_8_8_8_8 at 0x1F838000 (potentially modified memory range 0x1F838000 to 0x1F978000)
[2026-08-16 16:47:52.144] [trace] [gpu] [t6280] Make 1F6F8000 -> 1F93D000 (2379776b) coherent, action = VC | TC
[2026-08-16 16:47:52.144] [trace] [gpu] [t6280] Make 1F6F8000 -> 1F7FD000 (1069056b) coherent, action = VC | TC
[2026-08-16 16:47:52.144] [trace] [gpu] [t6280] Make 1F6F8000 -> 1FA7D000 (3690496b) coherent, action = VC | TC
[2026-08-16 16:47:52.144] [trace] [gpu] [t6280] Make 1F6F8000 -> 1F93D000 (2379776b) coherent, action = VC | TC
[2026-08-16 16:47:52.144] [trace] [gpu] [t6280] Resolve: 0,0 <= x,y < 1280,208, k_8_8_8_8 -> k_8_8_8_8 at 0x1F978000 (potentially modified memory range 0x1F978000 to 0x1FA90000)
[2026-08-16 16:47:52.144] [trace] [gpu] [t6280] Make 1F6F8000 -> 1F7FD000 (1069056b) coherent, action = VC | TC
[2026-08-16 16:47:52.144] [trace] [gpu] [t6280] Make 1FA90000 -> 1FC90000 (2097152b) coherent, action = VC
[2026-08-16 16:47:52.174] [trace] [gpu] [t6280] Loaded tiled 1280x720x1 2D k_8_8_8_8 texture with 1 unpacked mip level, base at 0x1F6F8000 (pitch 1280, size 0x00398000), mips at 0x00000000 (size 0x00000000)
[2026-08-16 16:47:52.174] [trace] [gpu] [t6280] Make 15696000 -> 1FC9A000 (174080000b) coherent, action = VC | TC
[2026-08-16 16:47:52.174] [trace] [gpu] [t6280] Make 1FA90000 -> 1FC90000 (2097152b) coherent, action = VC
[2026-08-16 16:47:52.174] [trace] [gpu] [t6280] Make 1FA90000 -> 1FC90000 (2097152b) coherent, action = VC
[2026-08-16 16:47:52.174] [trace] [gpu] [t6280] Resolve: 0,0 <= x,y < 1280,256, k_8_8_8_8 -> k_8_8_8_8 at 0x1F360000 (potentially modified memory range 0x1F360000 to 0x1F4A0000)
[2026-08-16 16:47:52.174] [trace] [gpu] [t6280] Make 1F360000 -> 1F6E5000 (3690496b) coherent, action = VC | TC
[2026-08-16 16:47:52.174] [trace] [gpu] [t6280] Make 1F360000 -> 1F5A5000 (2379776b) coherent, action = VC | TC
[2026-08-16 16:47:52.174] [trace] [gpu] [t6280] Make 1F360000 -> 1F465000 (1069056b) coherent, action = VC | TC
[2026-08-16 16:47:52.174] [trace] [gpu] [t6280] Make 1F360000 -> 1F6E5000 (3690496b) coherent, action = VC | TC
[2026-08-16 16:47:52.174] [trace] [gpu] [t6280] Resolve: 0,0 <= x,y < 1280,256, k_8_8_8_8 -> k_8_8_8_8 at 0x1F4A0000 (potentially modified memory range 0x1F4A0000 to 0x1F5E0000)
[2026-08-16 16:47:52.174] [trace] [gpu] [t6280] Make 1F360000 -> 1F5A5000 (2379776b) coherent, action = VC | TC
[2026-08-16 16:47:52.174] [trace] [gpu] [t6280] Make 1F360000 -> 1F465000 (1069056b) coherent, action = VC | TC
[2026-08-16 16:47:52.174] [trace] [gpu] [t6280] Make 1F360000 -> 1F6E5000 (3690496b) coherent, action = VC | TC
[2026-08-16 16:47:52.174] [trace] [gpu] [t6280] Make 1F360000 -> 1F5A5000 (2379776b) coherent, action = VC | TC
[2026-08-16 16:47:52.174] [trace] [gpu] [t6280] Resolve: 0,0 <= x,y < 1280,208, k_8_8_8_8 -> k_8_8_8_8 at 0x1F5E0000 (potentially modified memory range 0x1F5E0000 to 0x1F6F8000)
[2026-08-16 16:47:52.174] [trace] [gpu] [t6280] Make 1F360000 -> 1F465000 (1069056b) coherent, action = VC | TC
[2026-08-16 16:47:52.174] [trace] [gpu] [t6280] Make 1FA90000 -> 1FC90000 (2097152b) coherent, action = VC
[2026-08-16 16:47:52.205] [trace] [gpu] [t6280] Loaded tiled 1280x720x1 2D k_8_8_8_8 texture with 1 unpacked mip level, base at 0x1F360000 (pitch 1280, size 0x00398000), mips at 0x00000000 (size 0x00000000)
[2026-08-16 16:47:52.205] [trace] [gpu] [t6280] Make 155EC000 -> 1FC9A000 (174776320b) coherent, action = VC | TC
[2026-08-16 16:47:52.205] [trace] [gpu] [t6280] Make 1FA90000 -> 1FC90000 (2097152b) coherent, action = VC
[2026-08-16 16:47:52.205] [trace] [gpu] [t6280] Make 1FA90000 -> 1FC90000 (2097152b) coherent, action = VC
[2026-08-16 16:47:52.205] [trace] [gpu] [t6280] Resolve: 0,0 <= x,y < 1280,256, k_8_8_8_8 -> k_8_8_8_8 at 0x1F6F8000 (potentially modified memory range 0x1F6F8000 to 0x1F838000)
[2026-08-16 16:47:52.205] [trace] [gpu] [t6280] Make 1F6F8000 -> 1FA7D000 (3690496b) coherent, action = VC | TC
[2026-08-16 16:47:52.205] [trace] [gpu] [t6280] Make 1F6F8000 -> 1F93D000 (2379776b) coherent, action = VC | TC
[2026-08-16 16:47:52.205] [trace] [gpu] [t6280] Make 1F6F8000 -> 1F7FD000 (1069056b) coherent, action = VC | TC
[2026-08-16 16:47:52.205] [trace] [gpu] [t6280] Make 1F6F8000 -> 1FA7D000 (3690496b) coherent, action = VC | TC
[2026-08-16 16:47:52.205] [trace] [gpu] [t6280] Resolve: 0,0 <= x,y < 1280,256, k_8_8_8_8 -> k_8_8_8_8 at 0x1F838000 (potentially modified memory range 0x1F838000 to 0x1F978000)
[2026-08-16 16:47:52.205] [trace] [gpu] [t6280] Make 1F6F8000 -> 1F93D000 (2379776b) coherent, action = VC | TC
[2026-08-16 16:47:52.206] [trace] [gpu] [t6280] Make 1F6F8000 -> 1F7FD000 (1069056b) coherent, action = VC | TC
[2026-08-16 16:47:52.206] [trace] [gpu] [t6280] Make 1F6F8000 -> 1FA7D000 (3690496b) coherent, action = VC | TC
[2026-08-16 16:47:52.206] [trace] [gpu] [t6280] Make 1F6F8000 -> 1F93D000 (2379776b) coherent, action = VC | TC
[2026-08-16 16:47:52.206] [trace] [gpu] [t6280] Resolve: 0,0 <= x,y < 1280,208, k_8_8_8_8 -> k_8_8_8_8 at 0x1F978000 (potentially modified memory range 0x1F978000 to 0x1FA90000)
[2026-08-16 16:47:52.206] [trace] [gpu] [t6280] Make 1F6F8000 -> 1F7FD000 (1069056b) coherent, action = VC | TC
[2026-08-16 16:47:52.206] [trace] [gpu] [t6280] Make 1FA90000 -> 1FC90000 (2097152b) coherent, action = VC
[2026-08-16 16:47:52.236] [trace] [gpu] [t6280] Loaded tiled 1280x720x1 2D k_8_8_8_8 texture with 1 unpacked mip level, base at 0x1F6F8000 (pitch 1280, size 0x00398000), mips at 0x00000000 (size 0x00000000)
[2026-08-16 16:47:52.236] [trace] [gpu] [t6280] Make 15553000 -> 1FC9A000 (175403008b) coherent, action = VC | TC
[2026-08-16 16:47:52.236] [trace] [gpu] [t6280] Make 1FA90000 -> 1FC90000 (2097152b) coherent, action = VC
[2026-08-16 16:47:52.236] [trace] [gpu] [t6280] Make 1FA90000 -> 1FC90000 (2097152b) coherent, action = VC
[2026-08-16 16:47:52.236] [trace] [gpu] [t6280] Resolve: 0,0 <= x,y < 1280,256, k_8_8_8_8 -> k_8_8_8_8 at 0x1F360000 (potentially modified memory range 0x1F360000 to 0x1F4A0000)
[2026-08-16 16:47:52.236] [trace] [gpu] [t6280] Make 1F360000 -> 1F6E5000 (3690496b) coherent, action = VC | TC
[2026-08-16 16:47:52.236] [trace] [gpu] [t6280] Make 1F360000 -> 1F5A5000 (2379776b) coherent, action = VC | TC
[2026-08-16 16:47:52.236] [trace] [gpu] [t6280] Make 1F360000 -> 1F465000 (1069056b) coherent, action = VC | TC
[2026-08-16 16:47:52.237] [trace] [gpu] [t6280] Make 1F360000 -> 1F6E5000 (3690496b) coherent, action = VC | TC
[2026-08-16 16:47:52.237] [trace] [gpu] [t6280] Resolve: 0,0 <= x,y < 1280,256, k_8_8_8_8 -> k_8_8_8_8 at 0x1F4A0000 (potentially modified memory range 0x1F4A0000 to 0x1F5E0000)
[2026-08-16 16:47:52.237] [trace] [gpu] [t6280] Make 1F360000 -> 1F5A5000 (2379776b) coherent, action = VC | TC
[2026-08-16 16:47:52.237] [trace] [gpu] [t6280] Make 1F360000 -> 1F465000 (1069056b) coherent, action = VC | TC
[2026-08-16 16:47:52.237] [trace] [gpu] [t6280] Make 1F360000 -> 1F6E5000 (3690496b) coherent, action = VC | TC
[2026-08-16 16:47:52.237] [trace] [gpu] [t6280] Make 1F360000 -> 1F5A5000 (2379776b) coherent, action = VC | TC
[2026-08-16 16:47:52.237] [trace] [gpu] [t6280] Resolve: 0,0 <= x,y < 1280,208, k_8_8_8_8 -> k_8_8_8_8 at 0x1F5E0000 (potentially modified memory range 0x1F5E0000 to 0x1F6F8000)
[2026-08-16 16:47:52.237] [trace] [gpu] [t6280] Make 1F360000 -> 1F465000 (1069056b) coherent, action = VC | TC
[2026-08-16 16:47:52.237] [trace] [gpu] [t6280] Make 1FA90000 -> 1FC90000 (2097152b) coherent, action = VC
[2026-08-16 16:47:52.268] [trace] [gpu] [t6280] Loaded tiled 1280x720x1 2D k_8_8_8_8 texture with 1 unpacked mip level, base at 0x1F360000 (pitch 1280, size 0x00398000), mips at 0x00000000 (size 0x00000000)
[2026-08-16 16:47:52.268] [trace] [gpu] [t6280] Make 1533F000 -> 1FC9A000 (177582080b) coherent, action = VC | TC
[2026-08-16 16:47:52.268] [trace] [gpu] [t6280] Make 1FA90000 -> 1FC90000 (2097152b) coherent, action = VC
[2026-08-16 16:47:52.268] [trace] [gpu] [t6280] Make 1FA90000 -> 1FC90000 (2097152b) coherent, action = VC
[2026-08-16 16:47:52.268] [trace] [gpu] [t6280] Resolve: 0,0 <= x,y < 1280,256, k_8_8_8_8 -> k_8_8_8_8 at 0x1F6F8000 (potentially modified memory range 0x1F6F8000 to 0x1F838000)
[2026-08-16 16:47:52.268] [trace] [gpu] [t6280] Make 1F6F8000 -> 1FA7D000 (3690496b) coherent, action = VC | TC
[2026-08-16 16:47:52.268] [trace] [gpu] [t6280] Make 1F6F8000 -> 1F93D000 (2379776b) coherent, action = VC | TC
[2026-08-16 16:47:52.268] [trace] [gpu] [t6280] Make 1F6F8000 -> 1F7FD000 (1069056b) coherent, action = VC | TC
[2026-08-16 16:47:52.268] [trace] [gpu] [t6280] Make 1F6F8000 -> 1FA7D000 (3690496b) coherent, action = VC | TC
[2026-08-16 16:47:52.268] [trace] [gpu] [t6280] Resolve: 0,0 <= x,y < 1280,256, k_8_8_8_8 -> k_8_8_8_8 at 0x1F838000 (potentially modified memory range 0x1F838000 to 0x1F978000)
[2026-08-16 16:47:52.268] [trace] [gpu] [t6280] Make 1F6F8000 -> 1F93D000 (2379776b) coherent, action = VC | TC
[2026-08-16 16:47:52.268] [trace] [gpu] [t6280] Make 1F6F8000 -> 1F7FD000 (1069056b) coherent, action = VC | TC
[2026-08-16 16:47:52.269] [trace] [gpu] [t6280] Make 1F6F8000 -> 1FA7D000 (3690496b) coherent, action = VC | TC
[2026-08-16 16:47:52.269] [trace] [gpu] [t6280] Make 1F6F8000 -> 1F93D000 (2379776b) coherent, action = VC | TC
[2026-08-16 16:47:52.269] [trace] [gpu] [t6280] Resolve: 0,0 <= x,y < 1280,208, k_8_8_8_8 -> k_8_8_8_8 at 0x1F978000 (potentially modified memory range 0x1F978000 to 0x1FA90000)
[2026-08-16 16:47:52.269] [trace] [gpu] [t6280] Make 1F6F8000 -> 1F7FD000 (1069056b) coherent, action = VC | TC
[2026-08-16 16:47:52.269] [trace] [gpu] [t6280] Make 1FA90000 -> 1FC90000 (2097152b) coherent, action = VC
[2026-08-16 16:47:52.314] [trace] [gpu] [t6280] Loaded tiled 1280x720x1 2D k_8_8_8_8 texture with 1 unpacked mip level, base at 0x1F6F8000 (pitch 1280, size 0x00398000), mips at 0x00000000 (size 0x00000000)
[2026-08-16 16:47:52.314] [trace] [gpu] [t6280] Make 151FF000 -> 1FC9A000 (178892800b) coherent, action = VC | TC
[2026-08-16 16:47:52.314] [trace] [gpu] [t6280] Make 1FA90000 -> 1FC90000 (2097152b) coherent, action = VC
[2026-08-16 16:47:52.314] [trace] [gpu] [t6280] Make 1FA90000 -> 1FC90000 (2097152b) coherent, action = VC
[2026-08-16 16:47:52.314] [trace] [gpu] [t6280] Resolve: 0,0 <= x,y < 1280,256, k_8_8_8_8 -> k_8_8_8_8 at 0x1F360000 (potentially modified memory range 0x1F360000 to 0x1F4A0000)
[2026-08-16 16:47:52.314] [trace] [gpu] [t6280] Make 1F360000 -> 1F6E5000 (3690496b) coherent, action = VC | TC
[2026-08-16 16:47:52.314] [trace] [gpu] [t6280] Make 1F360000 -> 1F5A5000 (2379776b) coherent, action = VC | TC
[2026-08-16 16:47:52.314] [trace] [gpu] [t6280] Make 1F360000 -> 1F465000 (1069056b) coherent, action = VC | TC
[2026-08-16 16:47:52.315] [trace] [gpu] [t6280] Make 1F360000 -> 1F6E5000 (3690496b) coherent, action = VC | TC
[2026-08-16 16:47:52.315] [trace] [gpu] [t6280] Resolve: 0,0 <= x,y < 1280,256, k_8_8_8_8 -> k_8_8_8_8 at 0x1F4A0000 (potentially modified memory range 0x1F4A0000 to 0x1F5E0000)
[2026-08-16 16:47:52.315] [trace] [gpu] [t6280] Make 1F360000 -> 1F5A5000 (2379776b) coherent, action = VC | TC
[2026-08-16 16:47:52.315] [trace] [gpu] [t6280] Make 1F360000 -> 1F465000 (1069056b) coherent, action = VC | TC
[2026-08-16 16:47:52.315] [trace] [gpu] [t6280] Make 1F360000 -> 1F6E5000 (3690496b) coherent, action = VC | TC
[2026-08-16 16:47:52.315] [trace] [gpu] [t6280] Make 1F360000 -> 1F5A5000 (2379776b) coherent, action = VC | TC
[2026-08-16 16:47:52.315] [trace] [gpu] [t6280] Resolve: 0,0 <= x,y < 1280,208, k_8_8_8_8 -> k_8_8_8_8 at 0x1F5E0000 (potentially modified memory range 0x1F5E0000 to 0x1F6F8000)
[2026-08-16 16:47:52.315] [trace] [gpu] [t6280] Make 1F360000 -> 1F465000 (1069056b) coherent, action = VC | TC
[2026-08-16 16:47:52.315] [trace] [gpu] [t6280] Make 1FA90000 -> 1FC90000 (2097152b) coherent, action = VC
[2026-08-16 16:47:52.345] [trace] [gpu] [t6280] Loaded tiled 1280x720x1 2D k_8_8_8_8 texture with 1 unpacked mip level, base at 0x1F360000 (pitch 1280, size 0x00398000), mips at 0x00000000 (size 0x00000000)
[2026-08-16 16:47:52.345] [trace] [gpu] [t6280] Make 15191000 -> 1FC9A000 (179343360b) coherent, action = VC | TC
[2026-08-16 16:47:52.345] [trace] [gpu] [t6280] Make 1FA90000 -> 1FC90000 (2097152b) coherent, action = VC
[2026-08-16 16:47:52.345] [trace] [gpu] [t6280] Make 1FA90000 -> 1FC90000 (2097152b) coherent, action = VC
[2026-08-16 16:47:52.345] [trace] [gpu] [t6280] Resolve: 0,0 <= x,y < 1280,256, k_8_8_8_8 -> k_8_8_8_8 at 0x1F6F8000 (potentially modified memory range 0x1F6F8000 to 0x1F838000)
[2026-08-16 16:47:52.345] [trace] [gpu] [t6280] Make 1F6F8000 -> 1FA7D000 (3690496b) coherent, action = VC | TC
[2026-08-16 16:47:52.345] [trace] [gpu] [t6280] Make 1F6F8000 -> 1F93D000 (2379776b) coherent, action = VC | TC
[2026-08-16 16:47:52.345] [trace] [gpu] [t6280] Make 1F6F8000 -> 1F7FD000 (1069056b) coherent, action = VC | TC
[2026-08-16 16:47:52.346] [trace] [gpu] [t6280] Make 1F6F8000 -> 1FA7D000 (3690496b) coherent, action = VC | TC
[2026-08-16 16:47:52.346] [trace] [gpu] [t6280] Resolve: 0,0 <= x,y < 1280,256, k_8_8_8_8 -> k_8_8_8_8 at 0x1F838000 (potentially modified memory range 0x1F838000 to 0x1F978000)
[2026-08-16 16:47:52.346] [trace] [gpu] [t6280] Make 1F6F8000 -> 1F93D000 (2379776b) coherent, action = VC | TC
[2026-08-16 16:47:52.346] [trace] [gpu] [t6280] Make 1F6F8000 -> 1F7FD000 (1069056b) coherent, action = VC | TC
[2026-08-16 16:47:52.346] [trace] [gpu] [t6280] Make 1F6F8000 -> 1FA7D000 (3690496b) coherent, action = VC | TC
[2026-08-16 16:47:52.346] [trace] [gpu] [t6280] Make 1F6F8000 -> 1F93D000 (2379776b) coherent, action = VC | TC
[2026-08-16 16:47:52.346] [trace] [gpu] [t6280] Resolve: 0,0 <= x,y < 1280,208, k_8_8_8_8 -> k_8_8_8_8 at 0x1F978000 (potentially modified memory range 0x1F978000 to 0x1FA90000)
[2026-08-16 16:47:52.346] [trace] [gpu] [t6280] Make 1F6F8000 -> 1F7FD000 (1069056b) coherent, action = VC | TC
[2026-08-16 16:47:52.346] [trace] [gpu] [t6280] Make 1FA90000 -> 1FC90000 (2097152b) coherent, action = VC
[2026-08-16 16:47:52.376] [trace] [gpu] [t6280] Loaded tiled 1280x720x1 2D k_8_8_8_8 texture with 1 unpacked mip level, base at 0x1F6F8000 (pitch 1280, size 0x00398000), mips at 0x00000000 (size 0x00000000)
[2026-08-16 16:47:52.376] [trace] [gpu] [t6280] Make 1FA90000 -> 1FC90000 (2097152b) coherent, action = VC
[2026-08-16 16:47:52.376] [trace] [gpu] [t6280] Make 1FA90000 -> 1FC90000 (2097152b) coherent, action = VC
[2026-08-16 16:47:52.376] [trace] [gpu] [t6280] Resolve: 0,0 <= x,y < 1280,256, k_8_8_8_8 -> k_8_8_8_8 at 0x1F360000 (potentially modified memory range 0x1F360000 to 0x1F4A0000)
[2026-08-16 16:47:52.376] [trace] [gpu] [t6280] Make 1F360000 -> 1F6E5000 (3690496b) coherent, action = VC | TC
[2026-08-16 16:47:52.376] [trace] [gpu] [t6280] Make 1F360000 -> 1F5A5000 (2379776b) coherent, action = VC | TC
[2026-08-16 16:47:52.376] [trace] [gpu] [t6280] Make 1F360000 -> 1F465000 (1069056b) coherent, action = VC | TC
[2026-08-16 16:47:52.376] [trace] [gpu] [t6280] Make 1F360000 -> 1F6E5000 (3690496b) coherent, action = VC | TC
[2026-08-16 16:47:52.376] [trace] [gpu] [t6280] Resolve: 0,0 <= x,y < 1280,256, k_8_8_8_8 -> k_8_8_8_8 at 0x1F4A0000 (potentially modified memory range 0x1F4A0000 to 0x1F5E0000)
[2026-08-16 16:47:52.376] [trace] [gpu] [t6280] Make 1F360000 -> 1F5A5000 (2379776b) coherent, action = VC | TC
[2026-08-16 16:47:52.376] [trace] [gpu] [t6280] Make 1F360000 -> 1F465000 (1069056b) coherent, action = VC | TC
[2026-08-16 16:47:52.376] [trace] [gpu] [t6280] Make 1F360000 -> 1F6E5000 (3690496b) coherent, action = VC | TC
[2026-08-16 16:47:52.376] [trace] [gpu] [t6280] Make 1F360000 -> 1F5A5000 (2379776b) coherent, action = VC | TC
[2026-08-16 16:47:52.376] [trace] [gpu] [t6280] Resolve: 0,0 <= x,y < 1280,208, k_8_8_8_8 -> k_8_8_8_8 at 0x1F5E0000 (potentially modified memory range 0x1F5E0000 to 0x1F6F8000)
[2026-08-16 16:47:52.376] [trace] [gpu] [t6280] Make 1F360000 -> 1F465000 (1069056b) coherent, action = VC | TC
[2026-08-16 16:47:52.376] [trace] [gpu] [t6280] Make 1FA90000 -> 1FC90000 (2097152b) coherent, action = VC
[2026-08-16 16:47:52.406] [trace] [gpu] [t6280] Loaded tiled 1280x720x1 2D k_8_8_8_8 texture with 1 unpacked mip level, base at 0x1F360000 (pitch 1280, size 0x00398000), mips at 0x00000000 (size 0x00000000)
[2026-08-16 16:47:52.407] [trace] [gpu] [t6280] Make 1FA90000 -> 1FC90000 (2097152b) coherent, action = VC
[2026-08-16 16:47:52.407] [trace] [gpu] [t6280] Make 1FA90000 -> 1FC90000 (2097152b) coherent, action = VC
[2026-08-16 16:47:52.409] [trace] [gpu] [t6280] Resolve: 0,0 <= x,y < 1280,256, k_8_8_8_8 -> k_8_8_8_8 at 0x1F6F8000 (potentially modified memory range 0x1F6F8000 to 0x1F838000)
[2026-08-16 16:47:52.409] [trace] [gpu] [t6280] Make 1F6F8000 -> 1FA7D000 (3690496b) coherent, action = VC | TC
[2026-08-16 16:47:52.409] [trace] [gpu] [t6280] Make 1F6F8000 -> 1F93D000 (2379776b) coherent, action = VC | TC
[2026-08-16 16:47:52.409] [trace] [gpu] [t6280] Make 1F6F8000 -> 1F7FD000 (1069056b) coherent, action = VC | TC
[2026-08-16 16:47:52.409] [trace] [gpu] [t6280] Make 1F6F8000 -> 1FA7D000 (3690496b) coherent, action = VC | TC
[2026-08-16 16:47:52.409] [trace] [gpu] [t6280] Resolve: 0,0 <= x,y < 1280,256, k_8_8_8_8 -> k_8_8_8_8 at 0x1F838000 (potentially modified memory range 0x1F838000 to 0x1F978000)
[2026-08-16 16:47:52.409] [trace] [gpu] [t6280] Make 1F6F8000 -> 1F93D000 (2379776b) coherent, action = VC | TC
[2026-08-16 16:47:52.409] [trace] [gpu] [t6280] Make 1F6F8000 -> 1F7FD000 (1069056b) coherent, action = VC | TC
[2026-08-16 16:47:52.409] [trace] [gpu] [t6280] Make 1F6F8000 -> 1FA7D000 (3690496b) coherent, action = VC | TC
[2026-08-16 16:47:52.409] [trace] [gpu] [t6280] Make 1F6F8000 -> 1F93D000 (2379776b) coherent, action = VC | TC
[2026-08-16 16:47:52.409] [trace] [gpu] [t6280] Resolve: 0,0 <= x,y < 1280,208, k_8_8_8_8 -> k_8_8_8_8 at 0x1F978000 (potentially modified memory range 0x1F978000 to 0x1FA90000)
[2026-08-16 16:47:52.409] [trace] [gpu] [t6280] Make 1F6F8000 -> 1F7FD000 (1069056b) coherent, action = VC | TC
[2026-08-16 16:47:52.409] [trace] [gpu] [t6280] Make 1FA90000 -> 1FC90000 (2097152b) coherent, action = VC
[2026-08-16 16:47:52.422] [trace] [gpu] [t6280] Loaded tiled 1280x720x1 2D k_8_8_8_8 texture with 1 unpacked mip level, base at 0x1F6F8000 (pitch 1280, size 0x00398000), mips at 0x00000000 (size 0x00000000)
[2026-08-16 16:47:52.422] [trace] [gpu] [t6280] Make 150FE000 -> 15191000 (602112b) coherent, action = VC | TC
[2026-08-16 16:47:52.422] [trace] [gpu] [t6280] Make 1FA90000 -> 1FC90000 (2097152b) coherent, action = VC
[2026-08-16 16:47:52.422] [trace] [gpu] [t6280] Make 1FA90000 -> 1FC90000 (2097152b) coherent, action = VC
[2026-08-16 16:47:52.423] [trace] [gpu] [t6280] Resolve: 0,0 <= x,y < 1280,256, k_8_8_8_8 -> k_8_8_8_8 at 0x1F360000 (potentially modified memory range 0x1F360000 to 0x1F4A0000)
[2026-08-16 16:47:52.423] [trace] [gpu] [t6280] Make 1F360000 -> 1F6E5000 (3690496b) coherent, action = VC | TC
[2026-08-16 16:47:52.423] [trace] [gpu] [t6280] Make 1F360000 -> 1F5A5000 (2379776b) coherent, action = VC | TC
[2026-08-16 16:47:52.423] [trace] [gpu] [t6280] Make 1F360000 -> 1F465000 (1069056b) coherent, action = VC | TC
[2026-08-16 16:47:52.423] [trace] [gpu] [t6280] Make 1F360000 -> 1F6E5000 (3690496b) coherent, action = VC | TC
[2026-08-16 16:47:52.423] [trace] [gpu] [t6280] Resolve: 0,0 <= x,y < 1280,256, k_8_8_8_8 -> k_8_8_8_8 at 0x1F4A0000 (potentially modified memory range 0x1F4A0000 to 0x1F5E0000)
[2026-08-16 16:47:52.423] [trace] [gpu] [t6280] Make 1F360000 -> 1F5A5000 (2379776b) coherent, action = VC | TC
[2026-08-16 16:47:52.423] [trace] [gpu] [t6280] Make 1F360000 -> 1F465000 (1069056b) coherent, action = VC | TC
[2026-08-16 16:47:52.423] [trace] [gpu] [t6280] Make 1F360000 -> 1F6E5000 (3690496b) coherent, action = VC | TC
[2026-08-16 16:47:52.423] [trace] [gpu] [t6280] Make 1F360000 -> 1F5A5000 (2379776b) coherent, action = VC | TC
[2026-08-16 16:47:52.423] [trace] [gpu] [t6280] Resolve: 0,0 <= x,y < 1280,208, k_8_8_8_8 -> k_8_8_8_8 at 0x1F5E0000 (potentially modified memory range 0x1F5E0000 to 0x1F6F8000)
[2026-08-16 16:47:52.423] [trace] [gpu] [t6280] Make 1F360000 -> 1F465000 (1069056b) coherent, action = VC | TC
[2026-08-16 16:47:52.423] [trace] [gpu] [t6280] Make 1FA90000 -> 1FC90000 (2097152b) coherent, action = VC
[2026-08-16 16:47:52.453] [trace] [gpu] [t6280] Loaded tiled 1280x720x1 2D k_8_8_8_8 texture with 1 unpacked mip level, base at 0x1F360000 (pitch 1280, size 0x00398000), mips at 0x00000000 (size 0x00000000)
[2026-08-16 16:47:52.453] [trace] [gpu] [t6280] Make 1FA90000 -> 1FC90000 (2097152b) coherent, action = VC
[2026-08-16 16:47:52.453] [trace] [gpu] [t6280] Make 1FA90000 -> 1FC90000 (2097152b) coherent, action = VC
[2026-08-16 16:47:52.453] [trace] [gpu] [t6280] Resolve: 0,0 <= x,y < 1280,256, k_8_8_8_8 -> k_8_8_8_8 at 0x1F6F8000 (potentially modified memory range 0x1F6F8000 to 0x1F838000)
[2026-08-16 16:47:52.453] [trace] [gpu] [t6280] Make 1F6F8000 -> 1FA7D000 (3690496b) coherent, action = VC | TC
[2026-08-16 16:47:52.453] [trace] [gpu] [t6280] Make 1F6F8000 -> 1F93D000 (2379776b) coherent, action = VC | TC
[2026-08-16 16:47:52.453] [trace] [gpu] [t6280] Make 1F6F8000 -> 1F7FD000 (1069056b) coherent, action = VC | TC
[2026-08-16 16:47:52.453] [trace] [gpu] [t6280] Make 1F6F8000 -> 1FA7D000 (3690496b) coherent, action = VC | TC
[2026-08-16 16:47:52.453] [trace] [gpu] [t6280] Resolve: 0,0 <= x,y < 1280,256, k_8_8_8_8 -> k_8_8_8_8 at 0x1F838000 (potentially modified memory range 0x1F838000 to 0x1F978000)
[2026-08-16 16:47:52.453] [trace] [gpu] [t6280] Make 1F6F8000 -> 1F93D000 (2379776b) coherent, action = VC | TC
[2026-08-16 16:47:52.453] [trace] [gpu] [t6280] Make 1F6F8000 -> 1F7FD000 (1069056b) coherent, action = VC | TC
[2026-08-16 16:47:52.453] [trace] [gpu] [t6280] Make 1F6F8000 -> 1FA7D000 (3690496b) coherent, action = VC | TC
[2026-08-16 16:47:52.453] [trace] [gpu] [t6280] Make 1F6F8000 -> 1F93D000 (2379776b) coherent, action = VC | TC
[2026-08-16 16:47:52.453] [trace] [gpu] [t6280] Resolve: 0,0 <= x,y < 1280,208, k_8_8_8_8 -> k_8_8_8_8 at 0x1F978000 (potentially modified memory range 0x1F978000 to 0x1FA90000)
[2026-08-16 16:47:52.453] [trace] [gpu] [t6280] Make 1F6F8000 -> 1F7FD000 (1069056b) coherent, action = VC | TC
[2026-08-16 16:47:52.453] [trace] [gpu] [t6280] Make 1FA90000 -> 1FC90000 (2097152b) coherent, action = VC
[2026-08-16 16:47:52.468] [trace] [gpu] [t6280] Loaded tiled 1280x720x1 2D k_8_8_8_8 texture with 1 unpacked mip level, base at 0x1F6F8000 (pitch 1280, size 0x00398000), mips at 0x00000000 (size 0x00000000)
[2026-08-16 16:47:52.468] [trace] [gpu] [t6280] Make 1FA90000 -> 1FC90000 (2097152b) coherent, action = VC
[2026-08-16 16:47:52.468] [trace] [gpu] [t6280] Make 1FA90000 -> 1FC90000 (2097152b) coherent, action = VC
[2026-08-16 16:47:52.468] [trace] [gpu] [t6280] Resolve: 0,0 <= x,y < 1280,256, k_8_8_8_8 -> k_8_8_8_8 at 0x1F360000 (potentially modified memory range 0x1F360000 to 0x1F4A0000)
[2026-08-16 16:47:52.468] [trace] [gpu] [t6280] Make 1F360000 -> 1F6E5000 (3690496b) coherent, action = VC | TC
[2026-08-16 16:47:52.468] [trace] [gpu] [t6280] Make 1F360000 -> 1F5A5000 (2379776b) coherent, action = VC | TC
[2026-08-16 16:47:52.468] [trace] [gpu] [t6280] Make 1F360000 -> 1F465000 (1069056b) coherent, action = VC | TC
[2026-08-16 16:47:52.469] [trace] [gpu] [t6280] Make 1F360000 -> 1F6E5000 (3690496b) coherent, action = VC | TC
[2026-08-16 16:47:52.469] [trace] [gpu] [t6280] Resolve: 0,0 <= x,y < 1280,256, k_8_8_8_8 -> k_8_8_8_8 at 0x1F4A0000 (potentially modified memory range 0x1F4A0000 to 0x1F5E0000)
[2026-08-16 16:47:52.469] [trace] [gpu] [t6280] Make 1F360000 -> 1F5A5000 (2379776b) coherent, action = VC | TC
[2026-08-16 16:47:52.469] [trace] [gpu] [t6280] Make 1F360000 -> 1F465000 (1069056b) coherent, action = VC | TC
[2026-08-16 16:47:52.469] [trace] [gpu] [t6280] Make 1F360000 -> 1F6E5000 (3690496b) coherent, action = VC | TC
[2026-08-16 16:47:52.469] [trace] [gpu] [t6280] Make 1F360000 -> 1F5A5000 (2379776b) coherent, action = VC | TC
[2026-08-16 16:47:52.469] [trace] [gpu] [t6280] Resolve: 0,0 <= x,y < 1280,208, k_8_8_8_8 -> k_8_8_8_8 at 0x1F5E0000 (potentially modified memory range 0x1F5E0000 to 0x1F6F8000)
[2026-08-16 16:47:52.469] [trace] [gpu] [t6280] Make 1F360000 -> 1F465000 (1069056b) coherent, action = VC | TC
[2026-08-16 16:47:52.469] [trace] [gpu] [t6280] Make 1FA90000 -> 1FC90000 (2097152b) coherent, action = VC
[2026-08-16 16:47:52.499] [trace] [gpu] [t6280] Loaded tiled 1280x720x1 2D k_8_8_8_8 texture with 1 unpacked mip level, base at 0x1F360000 (pitch 1280, size 0x00398000), mips at 0x00000000 (size 0x00000000)
[2026-08-16 16:47:52.499] [trace] [gpu] [t6280] Make 1FA90000 -> 1FC90000 (2097152b) coherent, action = VC
[2026-08-16 16:47:52.499] [trace] [gpu] [t6280] Make 1FA90000 -> 1FC90000 (2097152b) coherent, action = VC
[2026-08-16 16:47:52.500] [trace] [gpu] [t6280] Resolve: 0,0 <= x,y < 1280,256, k_8_8_8_8 -> k_8_8_8_8 at 0x1F6F8000 (potentially modified memory range 0x1F6F8000 to 0x1F838000)
[2026-08-16 16:47:52.500] [trace] [gpu] [t6280] Make 1F6F8000 -> 1FA7D000 (3690496b) coherent, action = VC | TC
[2026-08-16 16:47:52.500] [trace] [gpu] [t6280] Make 1F6F8000 -> 1F93D000 (2379776b) coherent, action = VC | TC
[2026-08-16 16:47:52.500] [trace] [gpu] [t6280] Make 1F6F8000 -> 1F7FD000 (1069056b) coherent, action = VC | TC
[2026-08-16 16:47:52.500] [trace] [gpu] [t6280] Make 1F6F8000 -> 1FA7D000 (3690496b) coherent, action = VC | TC
[2026-08-16 16:47:52.500] [trace] [gpu] [t6280] Resolve: 0,0 <= x,y < 1280,256, k_8_8_8_8 -> k_8_8_8_8 at 0x1F838000 (potentially modified memory range 0x1F838000 to 0x1F978000)
[2026-08-16 16:47:52.500] [trace] [gpu] [t6280] Make 1F6F8000 -> 1F93D000 (2379776b) coherent, action = VC | TC
[2026-08-16 16:47:52.500] [trace] [gpu] [t6280] Make 1F6F8000 -> 1F7FD000 (1069056b) coherent, action = VC | TC
[2026-08-16 16:47:52.500] [trace] [gpu] [t6280] Make 1F6F8000 -> 1FA7D000 (3690496b) coherent, action = VC | TC
[2026-08-16 16:47:52.500] [trace] [gpu] [t6280] Make 1F6F8000 -> 1F93D000 (2379776b) coherent, action = VC | TC
[2026-08-16 16:47:52.500] [trace] [gpu] [t6280] Resolve: 0,0 <= x,y < 1280,208, k_8_8_8_8 -> k_8_8_8_8 at 0x1F978000 (potentially modified memory range 0x1F978000 to 0x1FA90000)
[2026-08-16 16:47:52.500] [trace] [gpu] [t6280] Make 1F6F8000 -> 1F7FD000 (1069056b) coherent, action = VC | TC
[2026-08-16 16:47:52.500] [trace] [gpu] [t6280] Make 1FA90000 -> 1FC90000 (2097152b) coherent, action = VC
[2026-08-16 16:47:52.510] [trace] [fs] [t14964] VFS resolved 'game:\' via symlink '\Device\Harddisk0\Partition1' on device '\Device\Harddisk0\Partition1' -> '\Device\Harddisk0\Partition1'
[2026-08-16 16:47:52.516] [trace] [fs] [t14964] VFS resolved 'game:\' via symlink '\Device\Harddisk0\Partition1' on device '\Device\Harddisk0\Partition1' -> '\Device\Harddisk0\Partition1'
[2026-08-16 16:47:52.530] [trace] [fs] [t14964] VFS resolved 'game:\' via symlink '\Device\Harddisk0\Partition1' on device '\Device\Harddisk0\Partition1' -> '\Device\Harddisk0\Partition1'
[2026-08-16 16:47:52.530] [trace] [fs] [t14964] VFS resolved 'game:\' via symlink '\Device\Harddisk0\Partition1' on device '\Device\Harddisk0\Partition1' -> '\Device\Harddisk0\Partition1'
[2026-08-16 16:47:52.531] [trace] [gpu] [t6280] Loaded tiled 1280x720x1 2D k_8_8_8_8 texture with 1 unpacked mip level, base at 0x1F6F8000 (pitch 1280, size 0x00398000), mips at 0x00000000 (size 0x00000000)
[2026-08-16 16:47:52.531] [trace] [gpu] [t6280] Make 1FA90000 -> 1FC90000 (2097152b) coherent, action = VC
[2026-08-16 16:47:52.531] [trace] [krnl] [t13468] [XAM] XamInputGetState called: user=0, flags=0x0
[2026-08-16 16:47:52.531] [trace] [gpu] [t6280] Make 1FA90000 -> 1FC90000 (2097152b) coherent, action = VC
[2026-08-16 16:47:52.531] [trace] [krnl] [t13468] [XAM] XamInputGetState called: user=1, flags=0x0
[2026-08-16 16:47:52.531] [trace] [krnl] [t13468] [XAM] XamInputGetState called: user=2, flags=0x0
[2026-08-16 16:47:52.531] [trace] [krnl] [t13468] [XAM] XamInputGetState called: user=3, flags=0x0
[2026-08-16 16:47:52.532] [trace] [gpu] [t6280] Resolve: 0,0 <= x,y < 1280,256, k_8_8_8_8 -> k_8_8_8_8 at 0x1F360000 (potentially modified memory range 0x1F360000 to 0x1F4A0000)
[2026-08-16 16:47:52.532] [trace] [gpu] [t6280] Make 1F360000 -> 1F6E5000 (3690496b) coherent, action = VC | TC
[2026-08-16 16:47:52.532] [trace] [gpu] [t6280] Make 1F360000 -> 1F5A5000 (2379776b) coherent, action = VC | TC
[2026-08-16 16:47:52.532] [trace] [gpu] [t6280] Make 1F360000 -> 1F465000 (1069056b) coherent, action = VC | TC
[2026-08-16 16:47:52.532] [trace] [gpu] [t6280] Make 1F360000 -> 1F6E5000 (3690496b) coherent, action = VC | TC
[2026-08-16 16:47:52.532] [trace] [gpu] [t6280] Resolve: 0,0 <= x,y < 1280,256, k_8_8_8_8 -> k_8_8_8_8 at 0x1F4A0000 (potentially modified memory range 0x1F4A0000 to 0x1F5E0000)
[2026-08-16 16:47:52.532] [trace] [gpu] [t6280] Make 1F360000 -> 1F5A5000 (2379776b) coherent, action = VC | TC
[2026-08-16 16:47:52.532] [trace] [gpu] [t6280] Make 1F360000 -> 1F465000 (1069056b) coherent, action = VC | TC
[2026-08-16 16:47:52.532] [trace] [gpu] [t6280] Make 1F360000 -> 1F6E5000 (3690496b) coherent, action = VC | TC
[2026-08-16 16:47:52.532] [trace] [gpu] [t6280] Make 1F360000 -> 1F5A5000 (2379776b) coherent, action = VC | TC
[2026-08-16 16:47:52.532] [trace] [gpu] [t6280] Resolve: 0,0 <= x,y < 1280,208, k_8_8_8_8 -> k_8_8_8_8 at 0x1F5E0000 (potentially modified memory range 0x1F5E0000 to 0x1F6F8000)
[2026-08-16 16:47:52.532] [trace] [gpu] [t6280] Make 1F360000 -> 1F465000 (1069056b) coherent, action = VC | TC
[2026-08-16 16:47:52.532] [trace] [gpu] [t6280] Make 1FA90000 -> 1FC90000 (2097152b) coherent, action = VC
[2026-08-16 16:47:52.562] [trace] [gpu] [t6280] Loaded tiled 1280x720x1 2D k_8_8_8_8 texture with 1 unpacked mip level, base at 0x1F360000 (pitch 1280, size 0x00398000), mips at 0x00000000 (size 0x00000000)
[2026-08-16 16:47:52.562] [trace] [gpu] [t6280] Make 15007000 -> 1FC9A000 (180957184b) coherent, action = VC | TC
[2026-08-16 16:47:52.562] [trace] [gpu] [t6280] Make 1FA90000 -> 1FC90000 (2097152b) coherent, action = VC
[2026-08-16 16:47:52.562] [trace] [krnl] [t13468] [XAM] XamInputGetState called: user=0, flags=0x0
[2026-08-16 16:47:52.562] [trace] [gpu] [t6280] Make 1FA90000 -> 1FC90000 (2097152b) coherent, action = VC
[2026-08-16 16:47:52.563] [trace] [gpu] [t6280] Resolve: 0,0 <= x,y < 1280,256, k_8_8_8_8 -> k_8_8_8_8 at 0x1F6F8000 (potentially modified memory range 0x1F6F8000 to 0x1F838000)
[2026-08-16 16:47:52.563] [trace] [gpu] [t6280] Make 1F6F8000 -> 1FA7D000 (3690496b) coherent, action = VC | TC
[2026-08-16 16:47:52.563] [trace] [gpu] [t6280] Make 1F6F8000 -> 1F93D000 (2379776b) coherent, action = VC | TC
[2026-08-16 16:47:52.563] [trace] [gpu] [t6280] Make 1F6F8000 -> 1F7FD000 (1069056b) coherent, action = VC | TC
[2026-08-16 16:47:52.563] [trace] [gpu] [t6280] Make 1F6F8000 -> 1FA7D000 (3690496b) coherent, action = VC | TC
[2026-08-16 16:47:52.563] [trace] [gpu] [t6280] Resolve: 0,0 <= x,y < 1280,256, k_8_8_8_8 -> k_8_8_8_8 at 0x1F838000 (potentially modified memory range 0x1F838000 to 0x1F978000)
[2026-08-16 16:47:52.563] [trace] [gpu] [t6280] Make 1F6F8000 -> 1F93D000 (2379776b) coherent, action = VC | TC
[2026-08-16 16:47:52.563] [trace] [gpu] [t6280] Make 1F6F8000 -> 1F7FD000 (1069056b) coherent, action = VC | TC
[2026-08-16 16:47:52.563] [trace] [gpu] [t6280] Make 1F6F8000 -> 1FA7D000 (3690496b) coherent, action = VC | TC
[2026-08-16 16:47:52.563] [trace] [gpu] [t6280] Make 1F6F8000 -> 1F93D000 (2379776b) coherent, action = VC | TC
[2026-08-16 16:47:52.563] [trace] [gpu] [t6280] Resolve: 0,0 <= x,y < 1280,208, k_8_8_8_8 -> k_8_8_8_8 at 0x1F978000 (potentially modified memory range 0x1F978000 to 0x1FA90000)
[2026-08-16 16:47:52.563] [trace] [gpu] [t6280] Make 1F6F8000 -> 1F7FD000 (1069056b) coherent, action = VC | TC
[2026-08-16 16:47:52.563] [trace] [gpu] [t6280] Make 1FA90000 -> 1FC90000 (2097152b) coherent, action = VC
[2026-08-16 16:47:52.592] [trace] [gpu] [t6280] Loaded tiled 1280x720x1 2D k_8_8_8_8 texture with 1 unpacked mip level, base at 0x1F6F8000 (pitch 1280, size 0x00398000), mips at 0x00000000 (size 0x00000000)
[2026-08-16 16:47:52.593] [trace] [gpu] [t6280] Make 14FDB000 -> 14FFB000 (131072b) coherent, action = VC | TC
[2026-08-16 16:47:52.593] [trace] [gpu] [t6280] Make 1FA90000 -> 1FC90000 (2097152b) coherent, action = VC
[2026-08-16 16:47:52.593] [trace] [gpu] [t6280] Make 1FA90000 -> 1FC90000 (2097152b) coherent, action = VC
[2026-08-16 16:47:52.593] [trace] [gpu] [t6280] Resolve: 0,0 <= x,y < 1280,256, k_8_8_8_8 -> k_8_8_8_8 at 0x1F360000 (potentially modified memory range 0x1F360000 to 0x1F4A0000)
[2026-08-16 16:47:52.593] [trace] [gpu] [t6280] Make 1F360000 -> 1F6E5000 (3690496b) coherent, action = VC | TC
[2026-08-16 16:47:52.593] [trace] [gpu] [t6280] Make 1F360000 -> 1F5A5000 (2379776b) coherent, action = VC | TC
[2026-08-16 16:47:52.593] [trace] [gpu] [t6280] Make 1F360000 -> 1F465000 (1069056b) coherent, action = VC | TC
[2026-08-16 16:47:52.593] [trace] [gpu] [t6280] Make 1F360000 -> 1F6E5000 (3690496b) coherent, action = VC | TC
[2026-08-16 16:47:52.593] [trace] [gpu] [t6280] Resolve: 0,0 <= x,y < 1280,256, k_8_8_8_8 -> k_8_8_8_8 at 0x1F4A0000 (potentially modified memory range 0x1F4A0000 to 0x1F5E0000)
[2026-08-16 16:47:52.593] [trace] [gpu] [t6280] Make 1F360000 -> 1F5A5000 (2379776b) coherent, action = VC | TC
[2026-08-16 16:47:52.593] [trace] [gpu] [t6280] Make 1F360000 -> 1F465000 (1069056b) coherent, action = VC | TC
[2026-08-16 16:47:52.593] [trace] [gpu] [t6280] Make 1F360000 -> 1F6E5000 (3690496b) coherent, action = VC | TC
[2026-08-16 16:47:52.593] [trace] [gpu] [t6280] Make 1F360000 -> 1F5A5000 (2379776b) coherent, action = VC | TC
[2026-08-16 16:47:52.593] [trace] [gpu] [t6280] Resolve: 0,0 <= x,y < 1280,208, k_8_8_8_8 -> k_8_8_8_8 at 0x1F5E0000 (potentially modified memory range 0x1F5E0000 to 0x1F6F8000)
[2026-08-16 16:47:52.593] [trace] [gpu] [t6280] Make 1F360000 -> 1F465000 (1069056b) coherent, action = VC | TC
[2026-08-16 16:47:52.593] [trace] [gpu] [t6280] Make 1FA90000 -> 1FC90000 (2097152b) coherent, action = VC
[2026-08-16 16:47:52.625] [trace] [gpu] [t6280] Loaded tiled 1280x720x1 2D k_8_8_8_8 texture with 1 unpacked mip level, base at 0x1F360000 (pitch 1280, size 0x00398000), mips at 0x00000000 (size 0x00000000)
[2026-08-16 16:47:52.625] [trace] [gpu] [t6280] Make 1FA90000 -> 1FC90000 (2097152b) coherent, action = VC
[2026-08-16 16:47:52.625] [trace] [gpu] [t6280] Make 1FA90000 -> 1FC90000 (2097152b) coherent, action = VC
[2026-08-16 16:47:52.625] [trace] [gpu] [t6280] Resolve: 0,0 <= x,y < 1280,256, k_8_8_8_8 -> k_8_8_8_8 at 0x1F6F8000 (potentially modified memory range 0x1F6F8000 to 0x1F838000)
[2026-08-16 16:47:52.625] [trace] [gpu] [t6280] Make 1F6F8000 -> 1FA7D000 (3690496b) coherent, action = VC | TC
[2026-08-16 16:47:52.625] [trace] [gpu] [t6280] Make 1F6F8000 -> 1F93D000 (2379776b) coherent, action = VC | TC
[2026-08-16 16:47:52.625] [trace] [gpu] [t6280] Make 1F6F8000 -> 1F7FD000 (1069056b) coherent, action = VC | TC
[2026-08-16 16:47:52.625] [trace] [gpu] [t6280] Make 1F6F8000 -> 1FA7D000 (3690496b) coherent, action = VC | TC
[2026-08-16 16:47:52.625] [trace] [gpu] [t6280] Resolve: 0,0 <= x,y < 1280,256, k_8_8_8_8 -> k_8_8_8_8 at 0x1F838000 (potentially modified memory range 0x1F838000 to 0x1F978000)
[2026-08-16 16:47:52.625] [trace] [gpu] [t6280] Make 1F6F8000 -> 1F93D000 (2379776b) coherent, action = VC | TC
[2026-08-16 16:47:52.625] [trace] [gpu] [t6280] Make 1F6F8000 -> 1F7FD000 (1069056b) coherent, action = VC | TC
[2026-08-16 16:47:52.625] [trace] [gpu] [t6280] Make 1F6F8000 -> 1FA7D000 (3690496b) coherent, action = VC | TC
[2026-08-16 16:47:52.625] [trace] [gpu] [t6280] Make 1F6F8000 -> 1F93D000 (2379776b) coherent, action = VC | TC
[2026-08-16 16:47:52.625] [trace] [gpu] [t6280] Resolve: 0,0 <= x,y < 1280,208, k_8_8_8_8 -> k_8_8_8_8 at 0x1F978000 (potentially modified memory range 0x1F978000 to 0x1FA90000)
[2026-08-16 16:47:52.625] [trace] [gpu] [t6280] Make 1F6F8000 -> 1F7FD000 (1069056b) coherent, action = VC | TC
[2026-08-16 16:47:52.625] [trace] [gpu] [t6280] Make 1FA90000 -> 1FC90000 (2097152b) coherent, action = VC
[2026-08-16 16:47:52.640] [trace] [gpu] [t6280] Loaded tiled 1280x720x1 2D k_8_8_8_8 texture with 1 unpacked mip level, base at 0x1F6F8000 (pitch 1280, size 0x00398000), mips at 0x00000000 (size 0x00000000)
[2026-08-16 16:47:52.640] [trace] [gpu] [t6280] Make 1FA90000 -> 1FC90000 (2097152b) coherent, action = VC
[2026-08-16 16:47:52.640] [trace] [gpu] [t6280] Make 1FA90000 -> 1FC90000 (2097152b) coherent, action = VC
[2026-08-16 16:47:52.640] [trace] [gpu] [t6280] Resolve: 0,0 <= x,y < 1280,256, k_8_8_8_8 -> k_8_8_8_8 at 0x1F360000 (potentially modified memory range 0x1F360000 to 0x1F4A0000)
[2026-08-16 16:47:52.640] [trace] [gpu] [t6280] Make 1F360000 -> 1F6E5000 (3690496b) coherent, action = VC | TC
[2026-08-16 16:47:52.640] [trace] [gpu] [t6280] Make 1F360000 -> 1F5A5000 (2379776b) coherent, action = VC | TC
[2026-08-16 16:47:52.640] [trace] [gpu] [t6280] Make 1F360000 -> 1F465000 (1069056b) coherent, action = VC | TC
[2026-08-16 16:47:52.640] [trace] [gpu] [t6280] Make 1F360000 -> 1F6E5000 (3690496b) coherent, action = VC | TC
[2026-08-16 16:47:52.640] [trace] [gpu] [t6280] Resolve: 0,0 <= x,y < 1280,256, k_8_8_8_8 -> k_8_8_8_8 at 0x1F4A0000 (potentially modified memory range 0x1F4A0000 to 0x1F5E0000)
[2026-08-16 16:47:52.640] [trace] [gpu] [t6280] Make 1F360000 -> 1F5A5000 (2379776b) coherent, action = VC | TC
[2026-08-16 16:47:52.640] [trace] [gpu] [t6280] Make 1F360000 -> 1F465000 (1069056b) coherent, action = VC | TC
[2026-08-16 16:47:52.640] [trace] [gpu] [t6280] Make 1F360000 -> 1F6E5000 (3690496b) coherent, action = VC | TC
[2026-08-16 16:47:52.640] [trace] [gpu] [t6280] Make 1F360000 -> 1F5A5000 (2379776b) coherent, action = VC | TC
[2026-08-16 16:47:52.640] [trace] [gpu] [t6280] Resolve: 0,0 <= x,y < 1280,208, k_8_8_8_8 -> k_8_8_8_8 at 0x1F5E0000 (potentially modified memory range 0x1F5E0000 to 0x1F6F8000)
[2026-08-16 16:47:52.640] [trace] [gpu] [t6280] Make 1F360000 -> 1F465000 (1069056b) coherent, action = VC | TC
[2026-08-16 16:47:52.640] [trace] [gpu] [t6280] Make 1FA90000 -> 1FC90000 (2097152b) coherent, action = VC
[2026-08-16 16:47:52.671] [trace] [gpu] [t6280] Loaded tiled 1280x720x1 2D k_8_8_8_8 texture with 1 unpacked mip level, base at 0x1F360000 (pitch 1280, size 0x00398000), mips at 0x00000000 (size 0x00000000)
[2026-08-16 16:47:52.671] [trace] [gpu] [t6280] Make 1FA90000 -> 1FC90000 (2097152b) coherent, action = VC
[2026-08-16 16:47:52.671] [trace] [gpu] [t6280] Make 1FA90000 -> 1FC90000 (2097152b) coherent, action = VC
[2026-08-16 16:47:52.671] [trace] [gpu] [t6280] Resolve: 0,0 <= x,y < 1280,256, k_8_8_8_8 -> k_8_8_8_8 at 0x1F6F8000 (potentially modified memory range 0x1F6F8000 to 0x1F838000)
[2026-08-16 16:47:52.671] [trace] [gpu] [t6280] Make 1F6F8000 -> 1FA7D000 (3690496b) coherent, action = VC | TC
[2026-08-16 16:47:52.671] [trace] [gpu] [t6280] Make 1F6F8000 -> 1F93D000 (2379776b) coherent, action = VC | TC
[2026-08-16 16:47:52.671] [trace] [gpu] [t6280] Make 1F6F8000 -> 1F7FD000 (1069056b) coherent, action = VC | TC
[2026-08-16 16:47:52.672] [trace] [gpu] [t6280] Make 1F6F8000 -> 1FA7D000 (3690496b) coherent, action = VC | TC
[2026-08-16 16:47:52.672] [trace] [gpu] [t6280] Resolve: 0,0 <= x,y < 1280,256, k_8_8_8_8 -> k_8_8_8_8 at 0x1F838000 (potentially modified memory range 0x1F838000 to 0x1F978000)
[2026-08-16 16:47:52.672] [trace] [gpu] [t6280] Make 1F6F8000 -> 1F93D000 (2379776b) coherent, action = VC | TC
[2026-08-16 16:47:52.672] [trace] [gpu] [t6280] Make 1F6F8000 -> 1F7FD000 (1069056b) coherent, action = VC | TC
[2026-08-16 16:47:52.672] [trace] [gpu] [t6280] Make 1F6F8000 -> 1FA7D000 (3690496b) coherent, action = VC | TC
[2026-08-16 16:47:52.672] [trace] [gpu] [t6280] Make 1F6F8000 -> 1F93D000 (2379776b) coherent, action = VC | TC
[2026-08-16 16:47:52.672] [trace] [gpu] [t6280] Resolve: 0,0 <= x,y < 1280,208, k_8_8_8_8 -> k_8_8_8_8 at 0x1F978000 (potentially modified memory range 0x1F978000 to 0x1FA90000)
[2026-08-16 16:47:52.672] [trace] [gpu] [t6280] Make 1F6F8000 -> 1F7FD000 (1069056b) coherent, action = VC | TC
[2026-08-16 16:47:52.672] [trace] [gpu] [t6280] Make 1FA90000 -> 1FC90000 (2097152b) coherent, action = VC
[2026-08-16 16:47:52.703] [trace] [gpu] [t6280] Loaded tiled 1280x720x1 2D k_8_8_8_8 texture with 1 unpacked mip level, base at 0x1F6F8000 (pitch 1280, size 0x00398000), mips at 0x00000000 (size 0x00000000)
[2026-08-16 16:47:52.704] [trace] [gpu] [t6280] Make 1FA90000 -> 1FC90000 (2097152b) coherent, action = VC
[2026-08-16 16:47:52.704] [trace] [gpu] [t6280] Make 1FA90000 -> 1FC90000 (2097152b) coherent, action = VC
[2026-08-16 16:47:52.704] [trace] [gpu] [t6280] Resolve: 0,0 <= x,y < 1280,256, k_8_8_8_8 -> k_8_8_8_8 at 0x1F360000 (potentially modified memory range 0x1F360000 to 0x1F4A0000)
[2026-08-16 16:47:52.704] [trace] [gpu] [t6280] Make 1F360000 -> 1F6E5000 (3690496b) coherent, action = VC | TC
[2026-08-16 16:47:52.704] [trace] [gpu] [t6280] Make 1F360000 -> 1F5A5000 (2379776b) coherent, action = VC | TC
[2026-08-16 16:47:52.704] [trace] [gpu] [t6280] Make 1F360000 -> 1F465000 (1069056b) coherent, action = VC | TC
[2026-08-16 16:47:52.704] [trace] [gpu] [t6280] Make 1F360000 -> 1F6E5000 (3690496b) coherent, action = VC | TC
[2026-08-16 16:47:52.704] [trace] [gpu] [t6280] Resolve: 0,0 <= x,y < 1280,256, k_8_8_8_8 -> k_8_8_8_8 at 0x1F4A0000 (potentially modified memory range 0x1F4A0000 to 0x1F5E0000)
[2026-08-16 16:47:52.704] [trace] [gpu] [t6280] Make 1F360000 -> 1F5A5000 (2379776b) coherent, action = VC | TC
[2026-08-16 16:47:52.704] [trace] [gpu] [t6280] Make 1F360000 -> 1F465000 (1069056b) coherent, action = VC | TC
[2026-08-16 16:47:52.704] [trace] [gpu] [t6280] Make 1F360000 -> 1F6E5000 (3690496b) coherent, action = VC | TC
[2026-08-16 16:47:52.704] [trace] [gpu] [t6280] Make 1F360000 -> 1F5A5000 (2379776b) coherent, action = VC | TC
[2026-08-16 16:47:52.704] [trace] [gpu] [t6280] Resolve: 0,0 <= x,y < 1280,208, k_8_8_8_8 -> k_8_8_8_8 at 0x1F5E0000 (potentially modified memory range 0x1F5E0000 to 0x1F6F8000)
[2026-08-16 16:47:52.704] [trace] [gpu] [t6280] Make 1F360000 -> 1F465000 (1069056b) coherent, action = VC | TC
[2026-08-16 16:47:52.704] [trace] [gpu] [t6280] Make 1FA90000 -> 1FC90000 (2097152b) coherent, action = VC
[2026-08-16 16:47:52.735] [trace] [gpu] [t6280] Loaded tiled 1280x720x1 2D k_8_8_8_8 texture with 1 unpacked mip level, base at 0x1F360000 (pitch 1280, size 0x00398000), mips at 0x00000000 (size 0x00000000)
[2026-08-16 16:47:52.735] [trace] [gpu] [t6280] Make 1FA90000 -> 1FC90000 (2097152b) coherent, action = VC
[2026-08-16 16:47:52.735] [trace] [gpu] [t6280] Make 1FA90000 -> 1FC90000 (2097152b) coherent, action = VC
[2026-08-16 16:47:52.735] [trace] [gpu] [t6280] Resolve: 0,0 <= x,y < 1280,256, k_8_8_8_8 -> k_8_8_8_8 at 0x1F6F8000 (potentially modified memory range 0x1F6F8000 to 0x1F838000)
[2026-08-16 16:47:52.735] [trace] [gpu] [t6280] Make 1F6F8000 -> 1FA7D000 (3690496b) coherent, action = VC | TC
[2026-08-16 16:47:52.735] [trace] [gpu] [t6280] Make 1F6F8000 -> 1F93D000 (2379776b) coherent, action = VC | TC
[2026-08-16 16:47:52.735] [trace] [gpu] [t6280] Make 1F6F8000 -> 1F7FD000 (1069056b) coherent, action = VC | TC
[2026-08-16 16:47:52.735] [trace] [gpu] [t6280] Make 1F6F8000 -> 1FA7D000 (3690496b) coherent, action = VC | TC
[2026-08-16 16:47:52.735] [trace] [gpu] [t6280] Resolve: 0,0 <= x,y < 1280,256, k_8_8_8_8 -> k_8_8_8_8 at 0x1F838000 (potentially modified memory range 0x1F838000 to 0x1F978000)
[2026-08-16 16:47:52.735] [trace] [gpu] [t6280] Make 1F6F8000 -> 1F93D000 (2379776b) coherent, action = VC | TC
[2026-08-16 16:47:52.735] [trace] [gpu] [t6280] Make 1F6F8000 -> 1F7FD000 (1069056b) coherent, action = VC | TC
[2026-08-16 16:47:52.735] [trace] [gpu] [t6280] Make 1F6F8000 -> 1FA7D000 (3690496b) coherent, action = VC | TC
[2026-08-16 16:47:52.735] [trace] [gpu] [t6280] Make 1F6F8000 -> 1F93D000 (2379776b) coherent, action = VC | TC
[2026-08-16 16:47:52.735] [trace] [gpu] [t6280] Resolve: 0,0 <= x,y < 1280,208, k_8_8_8_8 -> k_8_8_8_8 at 0x1F978000 (potentially modified memory range 0x1F978000 to 0x1FA90000)
[2026-08-16 16:47:52.735] [trace] [gpu] [t6280] Make 1F6F8000 -> 1F7FD000 (1069056b) coherent, action = VC | TC
[2026-08-16 16:47:52.735] [trace] [gpu] [t6280] Make 1FA90000 -> 1FC90000 (2097152b) coherent, action = VC
[2026-08-16 16:47:52.766] [trace] [gpu] [t6280] Loaded tiled 1280x720x1 2D k_8_8_8_8 texture with 1 unpacked mip level, base at 0x1F6F8000 (pitch 1280, size 0x00398000), mips at 0x00000000 (size 0x00000000)
[2026-08-16 16:47:52.766] [trace] [gpu] [t6280] Make 1FA90000 -> 1FC90000 (2097152b) coherent, action = VC
[2026-08-16 16:47:52.766] [trace] [gpu] [t6280] Make 1FA90000 -> 1FC90000 (2097152b) coherent, action = VC
[2026-08-16 16:47:52.766] [trace] [gpu] [t6280] Resolve: 0,0 <= x,y < 1280,256, k_8_8_8_8 -> k_8_8_8_8 at 0x1F360000 (potentially modified memory range 0x1F360000 to 0x1F4A0000)
[2026-08-16 16:47:52.766] [trace] [gpu] [t6280] Make 1F360000 -> 1F6E5000 (3690496b) coherent, action = VC | TC
[2026-08-16 16:47:52.766] [trace] [gpu] [t6280] Make 1F360000 -> 1F5A5000 (2379776b) coherent, action = VC | TC
[2026-08-16 16:47:52.766] [trace] [gpu] [t6280] Make 1F360000 -> 1F465000 (1069056b) coherent, action = VC | TC
[2026-08-16 16:47:52.766] [trace] [gpu] [t6280] Make 1F360000 -> 1F6E5000 (3690496b) coherent, action = VC | TC
[2026-08-16 16:47:52.766] [trace] [gpu] [t6280] Resolve: 0,0 <= x,y < 1280,256, k_8_8_8_8 -> k_8_8_8_8 at 0x1F4A0000 (potentially modified memory range 0x1F4A0000 to 0x1F5E0000)
[2026-08-16 16:47:52.766] [trace] [gpu] [t6280] Make 1F360000 -> 1F5A5000 (2379776b) coherent, action = VC | TC
[2026-08-16 16:47:52.766] [trace] [gpu] [t6280] Make 1F360000 -> 1F465000 (1069056b) coherent, action = VC | TC
[2026-08-16 16:47:52.766] [trace] [gpu] [t6280] Make 1F360000 -> 1F6E5000 (3690496b) coherent, action = VC | TC
[2026-08-16 16:47:52.766] [trace] [gpu] [t6280] Make 1F360000 -> 1F5A5000 (2379776b) coherent, action = VC | TC
[2026-08-16 16:47:52.766] [trace] [gpu] [t6280] Resolve: 0,0 <= x,y < 1280,208, k_8_8_8_8 -> k_8_8_8_8 at 0x1F5E0000 (potentially modified memory range 0x1F5E0000 to 0x1F6F8000)
[2026-08-16 16:47:52.766] [trace] [gpu] [t6280] Make 1F360000 -> 1F465000 (1069056b) coherent, action = VC | TC
[2026-08-16 16:47:52.766] [trace] [gpu] [t6280] Make 1FA90000 -> 1FC90000 (2097152b) coherent, action = VC
[2026-08-16 16:47:52.797] [trace] [gpu] [t6280] Loaded tiled 1280x720x1 2D k_8_8_8_8 texture with 1 unpacked mip level, base at 0x1F360000 (pitch 1280, size 0x00398000), mips at 0x00000000 (size 0x00000000)
[2026-08-16 16:47:52.797] [trace] [gpu] [t6280] Make 1FA90000 -> 1FC90000 (2097152b) coherent, action = VC
[2026-08-16 16:47:52.797] [trace] [gpu] [t6280] Make 1FA90000 -> 1FC90000 (2097152b) coherent, action = VC
[2026-08-16 16:47:52.797] [trace] [gpu] [t6280] Resolve: 0,0 <= x,y < 1280,256, k_8_8_8_8 -> k_8_8_8_8 at 0x1F6F8000 (potentially modified memory range 0x1F6F8000 to 0x1F838000)
[2026-08-16 16:47:52.798] [trace] [gpu] [t6280] Make 1F6F8000 -> 1FA7D000 (3690496b) coherent, action = VC | TC
[2026-08-16 16:47:52.798] [trace] [gpu] [t6280] Make 1F6F8000 -> 1F93D000 (2379776b) coherent, action = VC | TC
[2026-08-16 16:47:52.798] [trace] [gpu] [t6280] Make 1F6F8000 -> 1F7FD000 (1069056b) coherent, action = VC | TC
[2026-08-16 16:47:52.798] [trace] [gpu] [t6280] Make 1F6F8000 -> 1FA7D000 (3690496b) coherent, action = VC | TC
[2026-08-16 16:47:52.798] [trace] [gpu] [t6280] Resolve: 0,0 <= x,y < 1280,256, k_8_8_8_8 -> k_8_8_8_8 at 0x1F838000 (potentially modified memory range 0x1F838000 to 0x1F978000)
[2026-08-16 16:47:52.798] [trace] [gpu] [t6280] Make 1F6F8000 -> 1F93D000 (2379776b) coherent, action = VC | TC
[2026-08-16 16:47:52.798] [trace] [gpu] [t6280] Make 1F6F8000 -> 1F7FD000 (1069056b) coherent, action = VC | TC
[2026-08-16 16:47:52.798] [trace] [gpu] [t6280] Make 1F6F8000 -> 1FA7D000 (3690496b) coherent, action = VC | TC
[2026-08-16 16:47:52.798] [trace] [gpu] [t6280] Make 1F6F8000 -> 1F93D000 (2379776b) coherent, action = VC | TC
[2026-08-16 16:47:52.798] [trace] [gpu] [t6280] Resolve: 0,0 <= x,y < 1280,208, k_8_8_8_8 -> k_8_8_8_8 at 0x1F978000 (potentially modified memory range 0x1F978000 to 0x1FA90000)
[2026-08-16 16:47:52.798] [trace] [gpu] [t6280] Make 1F6F8000 -> 1F7FD000 (1069056b) coherent, action = VC | TC
[2026-08-16 16:47:52.798] [trace] [gpu] [t6280] Make 1FA90000 -> 1FC90000 (2097152b) coherent, action = VC
[2026-08-16 16:47:52.828] [trace] [gpu] [t6280] Loaded tiled 1280x720x1 2D k_8_8_8_8 texture with 1 unpacked mip level, base at 0x1F6F8000 (pitch 1280, size 0x00398000), mips at 0x00000000 (size 0x00000000)
[2026-08-16 16:47:52.828] [trace] [gpu] [t6280] Make 1FA90000 -> 1FC90000 (2097152b) coherent, action = VC
[2026-08-16 16:47:52.829] [trace] [gpu] [t6280] Make 1FA90000 -> 1FC90000 (2097152b) coherent, action = VC
[2026-08-16 16:47:52.829] [trace] [gpu] [t6280] Resolve: 0,0 <= x,y < 1280,256, k_8_8_8_8 -> k_8_8_8_8 at 0x1F360000 (potentially modified memory range 0x1F360000 to 0x1F4A0000)
[2026-08-16 16:47:52.829] [trace] [gpu] [t6280] Make 1F360000 -> 1F6E5000 (3690496b) coherent, action = VC | TC
[2026-08-16 16:47:52.829] [trace] [gpu] [t6280] Make 1F360000 -> 1F5A5000 (2379776b) coherent, action = VC | TC
[2026-08-16 16:47:52.829] [trace] [gpu] [t6280] Make 1F360000 -> 1F465000 (1069056b) coherent, action = VC | TC
[2026-08-16 16:47:52.829] [trace] [gpu] [t6280] Make 1F360000 -> 1F6E5000 (3690496b) coherent, action = VC | TC
[2026-08-16 16:47:52.829] [trace] [gpu] [t6280] Resolve: 0,0 <= x,y < 1280,256, k_8_8_8_8 -> k_8_8_8_8 at 0x1F4A0000 (potentially modified memory range 0x1F4A0000 to 0x1F5E0000)
[2026-08-16 16:47:52.829] [trace] [gpu] [t6280] Make 1F360000 -> 1F5A5000 (2379776b) coherent, action = VC | TC
[2026-08-16 16:47:52.829] [trace] [gpu] [t6280] Make 1F360000 -> 1F465000 (1069056b) coherent, action = VC | TC
[2026-08-16 16:47:52.829] [trace] [gpu] [t6280] Make 1F360000 -> 1F6E5000 (3690496b) coherent, action = VC | TC
[2026-08-16 16:47:52.829] [trace] [gpu] [t6280] Make 1F360000 -> 1F5A5000 (2379776b) coherent, action = VC | TC
[2026-08-16 16:47:52.829] [trace] [gpu] [t6280] Resolve: 0,0 <= x,y < 1280,208, k_8_8_8_8 -> k_8_8_8_8 at 0x1F5E0000 (potentially modified memory range 0x1F5E0000 to 0x1F6F8000)
[2026-08-16 16:47:52.829] [trace] [gpu] [t6280] Make 1F360000 -> 1F465000 (1069056b) coherent, action = VC | TC
[2026-08-16 16:47:52.829] [trace] [gpu] [t6280] Make 1FA90000 -> 1FC90000 (2097152b) coherent, action = VC
[2026-08-16 16:47:52.859] [trace] [gpu] [t6280] Loaded tiled 1280x720x1 2D k_8_8_8_8 texture with 1 unpacked mip level, base at 0x1F360000 (pitch 1280, size 0x00398000), mips at 0x00000000 (size 0x00000000)
[2026-08-16 16:47:52.859] [trace] [gpu] [t6280] Make 1FA90000 -> 1FC90000 (2097152b) coherent, action = VC
[2026-08-16 16:47:52.859] [trace] [gpu] [t6280] Make 1FA90000 -> 1FC90000 (2097152b) coherent, action = VC
[2026-08-16 16:47:52.859] [trace] [gpu] [t6280] Resolve: 0,0 <= x,y < 1280,256, k_8_8_8_8 -> k_8_8_8_8 at 0x1F6F8000 (potentially modified memory range 0x1F6F8000 to 0x1F838000)
[2026-08-16 16:47:52.859] [trace] [gpu] [t6280] Make 1F6F8000 -> 1FA7D000 (3690496b) coherent, action = VC | TC
[2026-08-16 16:47:52.859] [trace] [gpu] [t6280] Make 1F6F8000 -> 1F93D000 (2379776b) coherent, action = VC | TC
[2026-08-16 16:47:52.859] [trace] [gpu] [t6280] Make 1F6F8000 -> 1F7FD000 (1069056b) coherent, action = VC | TC
[2026-08-16 16:47:52.860] [trace] [gpu] [t6280] Make 1F6F8000 -> 1FA7D000 (3690496b) coherent, action = VC | TC
[2026-08-16 16:47:52.860] [trace] [gpu] [t6280] Resolve: 0,0 <= x,y < 1280,256, k_8_8_8_8 -> k_8_8_8_8 at 0x1F838000 (potentially modified memory range 0x1F838000 to 0x1F978000)
[2026-08-16 16:47:52.860] [trace] [gpu] [t6280] Make 1F6F8000 -> 1F93D000 (2379776b) coherent, action = VC | TC
[2026-08-16 16:47:52.860] [trace] [gpu] [t6280] Make 1F6F8000 -> 1F7FD000 (1069056b) coherent, action = VC | TC
[2026-08-16 16:47:52.860] [trace] [gpu] [t6280] Make 1F6F8000 -> 1FA7D000 (3690496b) coherent, action = VC | TC
[2026-08-16 16:47:52.860] [trace] [gpu] [t6280] Make 1F6F8000 -> 1F93D000 (2379776b) coherent, action = VC | TC
[2026-08-16 16:47:52.860] [trace] [gpu] [t6280] Resolve: 0,0 <= x,y < 1280,208, k_8_8_8_8 -> k_8_8_8_8 at 0x1F978000 (potentially modified memory range 0x1F978000 to 0x1FA90000)
[2026-08-16 16:47:52.860] [trace] [gpu] [t6280] Make 1F6F8000 -> 1F7FD000 (1069056b) coherent, action = VC | TC
[2026-08-16 16:47:52.860] [trace] [gpu] [t6280] Make 1FA90000 -> 1FC90000 (2097152b) coherent, action = VC
[2026-08-16 16:47:52.890] [trace] [gpu] [t6280] Loaded tiled 1280x720x1 2D k_8_8_8_8 texture with 1 unpacked mip level, base at 0x1F6F8000 (pitch 1280, size 0x00398000), mips at 0x00000000 (size 0x00000000)
[2026-08-16 16:47:52.890] [trace] [gpu] [t6280] Make 1FA90000 -> 1FC90000 (2097152b) coherent, action = VC
[2026-08-16 16:47:52.890] [trace] [gpu] [t6280] Make 1FA90000 -> 1FC90000 (2097152b) coherent, action = VC
[2026-08-16 16:47:52.890] [trace] [gpu] [t6280] Resolve: 0,0 <= x,y < 1280,256, k_8_8_8_8 -> k_8_8_8_8 at 0x1F360000 (potentially modified memory range 0x1F360000 to 0x1F4A0000)
[2026-08-16 16:47:52.890] [trace] [gpu] [t6280] Make 1F360000 -> 1F6E5000 (3690496b) coherent, action = VC | TC
[2026-08-16 16:47:52.890] [trace] [gpu] [t6280] Make 1F360000 -> 1F5A5000 (2379776b) coherent, action = VC | TC
[2026-08-16 16:47:52.890] [trace] [gpu] [t6280] Make 1F360000 -> 1F465000 (1069056b) coherent, action = VC | TC
[2026-08-16 16:47:52.890] [trace] [gpu] [t6280] Make 1F360000 -> 1F6E5000 (3690496b) coherent, action = VC | TC
[2026-08-16 16:47:52.890] [trace] [gpu] [t6280] Resolve: 0,0 <= x,y < 1280,256, k_8_8_8_8 -> k_8_8_8_8 at 0x1F4A0000 (potentially modified memory range 0x1F4A0000 to 0x1F5E0000)
[2026-08-16 16:47:52.890] [trace] [gpu] [t6280] Make 1F360000 -> 1F5A5000 (2379776b) coherent, action = VC | TC
[2026-08-16 16:47:52.890] [trace] [gpu] [t6280] Make 1F360000 -> 1F465000 (1069056b) coherent, action = VC | TC
[2026-08-16 16:47:52.890] [trace] [gpu] [t6280] Make 1F360000 -> 1F6E5000 (3690496b) coherent, action = VC | TC
[2026-08-16 16:47:52.890] [trace] [gpu] [t6280] Make 1F360000 -> 1F5A5000 (2379776b) coherent, action = VC | TC
[2026-08-16 16:47:52.890] [trace] [gpu] [t6280] Resolve: 0,0 <= x,y < 1280,208, k_8_8_8_8 -> k_8_8_8_8 at 0x1F5E0000 (potentially modified memory range 0x1F5E0000 to 0x1F6F8000)
[2026-08-16 16:47:52.890] [trace] [gpu] [t6280] Make 1F360000 -> 1F465000 (1069056b) coherent, action = VC | TC
[2026-08-16 16:47:52.890] [trace] [gpu] [t6280] Make 1FA90000 -> 1FC90000 (2097152b) coherent, action = VC
[2026-08-16 16:47:52.921] [trace] [gpu] [t6280] Loaded tiled 1280x720x1 2D k_8_8_8_8 texture with 1 unpacked mip level, base at 0x1F360000 (pitch 1280, size 0x00398000), mips at 0x00000000 (size 0x00000000)
[2026-08-16 16:47:52.922] [trace] [gpu] [t6280] Make 1FA90000 -> 1FC90000 (2097152b) coherent, action = VC
[2026-08-16 16:47:52.922] [trace] [gpu] [t6280] Make 1FA90000 -> 1FC90000 (2097152b) coherent, action = VC
[2026-08-16 16:47:52.922] [trace] [gpu] [t6280] Resolve: 0,0 <= x,y < 1280,256, k_8_8_8_8 -> k_8_8_8_8 at 0x1F6F8000 (potentially modified memory range 0x1F6F8000 to 0x1F838000)
[2026-08-16 16:47:52.922] [trace] [gpu] [t6280] Make 1F6F8000 -> 1FA7D000 (3690496b) coherent, action = VC | TC
[2026-08-16 16:47:52.922] [trace] [gpu] [t6280] Make 1F6F8000 -> 1F93D000 (2379776b) coherent, action = VC | TC
[2026-08-16 16:47:52.922] [trace] [gpu] [t6280] Make 1F6F8000 -> 1F7FD000 (1069056b) coherent, action = VC | TC
[2026-08-16 16:47:52.922] [trace] [gpu] [t6280] Make 1F6F8000 -> 1FA7D000 (3690496b) coherent, action = VC | TC
[2026-08-16 16:47:52.922] [trace] [gpu] [t6280] Resolve: 0,0 <= x,y < 1280,256, k_8_8_8_8 -> k_8_8_8_8 at 0x1F838000 (potentially modified memory range 0x1F838000 to 0x1F978000)
[2026-08-16 16:47:52.922] [trace] [gpu] [t6280] Make 1F6F8000 -> 1F93D000 (2379776b) coherent, action = VC | TC
[2026-08-16 16:47:52.922] [trace] [gpu] [t6280] Make 1F6F8000 -> 1F7FD000 (1069056b) coherent, action = VC | TC
[2026-08-16 16:47:52.922] [trace] [gpu] [t6280] Make 1F6F8000 -> 1FA7D000 (3690496b) coherent, action = VC | TC
[2026-08-16 16:47:52.922] [trace] [gpu] [t6280] Make 1F6F8000 -> 1F93D000 (2379776b) coherent, action = VC | TC
[2026-08-16 16:47:52.922] [trace] [gpu] [t6280] Resolve: 0,0 <= x,y < 1280,208, k_8_8_8_8 -> k_8_8_8_8 at 0x1F978000 (potentially modified memory range 0x1F978000 to 0x1FA90000)
[2026-08-16 16:47:52.922] [trace] [gpu] [t6280] Make 1F6F8000 -> 1F7FD000 (1069056b) coherent, action = VC | TC
[2026-08-16 16:47:52.922] [trace] [gpu] [t6280] Make 1FA90000 -> 1FC90000 (2097152b) coherent, action = VC
[2026-08-16 16:47:52.952] [trace] [gpu] [t6280] Loaded tiled 1280x720x1 2D k_8_8_8_8 texture with 1 unpacked mip level, base at 0x1F6F8000 (pitch 1280, size 0x00398000), mips at 0x00000000 (size 0x00000000)
[2026-08-16 16:47:52.952] [trace] [gpu] [t6280] Make 1FA90000 -> 1FC90000 (2097152b) coherent, action = VC
[2026-08-16 16:47:52.952] [trace] [gpu] [t6280] Make 1FA90000 -> 1FC90000 (2097152b) coherent, action = VC
[2026-08-16 16:47:52.952] [trace] [gpu] [t6280] Resolve: 0,0 <= x,y < 1280,256, k_8_8_8_8 -> k_8_8_8_8 at 0x1F360000 (potentially modified memory range 0x1F360000 to 0x1F4A0000)
[2026-08-16 16:47:52.952] [trace] [gpu] [t6280] Make 1F360000 -> 1F6E5000 (3690496b) coherent, action = VC | TC
[2026-08-16 16:47:52.952] [trace] [gpu] [t6280] Make 1F360000 -> 1F5A5000 (2379776b) coherent, action = VC | TC
[2026-08-16 16:47:52.952] [trace] [gpu] [t6280] Make 1F360000 -> 1F465000 (1069056b) coherent, action = VC | TC
[2026-08-16 16:47:52.952] [trace] [gpu] [t6280] Make 1F360000 -> 1F6E5000 (3690496b) coherent, action = VC | TC
[2026-08-16 16:47:52.952] [trace] [gpu] [t6280] Resolve: 0,0 <= x,y < 1280,256, k_8_8_8_8 -> k_8_8_8_8 at 0x1F4A0000 (potentially modified memory range 0x1F4A0000 to 0x1F5E0000)
[2026-08-16 16:47:52.952] [trace] [gpu] [t6280] Make 1F360000 -> 1F5A5000 (2379776b) coherent, action = VC | TC
[2026-08-16 16:47:52.952] [trace] [gpu] [t6280] Make 1F360000 -> 1F465000 (1069056b) coherent, action = VC | TC
[2026-08-16 16:47:52.952] [trace] [gpu] [t6280] Make 1F360000 -> 1F6E5000 (3690496b) coherent, action = VC | TC
[2026-08-16 16:47:52.952] [trace] [gpu] [t6280] Make 1F360000 -> 1F5A5000 (2379776b) coherent, action = VC | TC
[2026-08-16 16:47:52.952] [trace] [gpu] [t6280] Resolve: 0,0 <= x,y < 1280,208, k_8_8_8_8 -> k_8_8_8_8 at 0x1F5E0000 (potentially modified memory range 0x1F5E0000 to 0x1F6F8000)
[2026-08-16 16:47:52.952] [trace] [gpu] [t6280] Make 1F360000 -> 1F465000 (1069056b) coherent, action = VC | TC
[2026-08-16 16:47:52.952] [trace] [gpu] [t6280] Make 1FA90000 -> 1FC90000 (2097152b) coherent, action = VC
[2026-08-16 16:47:52.998] [trace] [gpu] [t6280] Loaded tiled 1280x720x1 2D k_8_8_8_8 texture with 1 unpacked mip level, base at 0x1F360000 (pitch 1280, size 0x00398000), mips at 0x00000000 (size 0x00000000)
[2026-08-16 16:47:52.998] [trace] [gpu] [t6280] Make 1FA90000 -> 1FC90000 (2097152b) coherent, action = VC
[2026-08-16 16:47:52.998] [trace] [gpu] [t6280] Make 1FA90000 -> 1FC90000 (2097152b) coherent, action = VC
[2026-08-16 16:47:52.998] [trace] [gpu] [t6280] Resolve: 0,0 <= x,y < 1280,256, k_8_8_8_8 -> k_8_8_8_8 at 0x1F6F8000 (potentially modified memory range 0x1F6F8000 to 0x1F838000)
[2026-08-16 16:47:52.998] [trace] [gpu] [t6280] Make 1F6F8000 -> 1FA7D000 (3690496b) coherent, action = VC | TC
[2026-08-16 16:47:52.998] [trace] [gpu] [t6280] Make 1F6F8000 -> 1F93D000 (2379776b) coherent, action = VC | TC
[2026-08-16 16:47:52.998] [trace] [gpu] [t6280] Make 1F6F8000 -> 1F7FD000 (1069056b) coherent, action = VC | TC
[2026-08-16 16:47:52.998] [trace] [gpu] [t6280] Make 1F6F8000 -> 1FA7D000 (3690496b) coherent, action = VC | TC
[2026-08-16 16:47:52.998] [trace] [gpu] [t6280] Resolve: 0,0 <= x,y < 1280,256, k_8_8_8_8 -> k_8_8_8_8 at 0x1F838000 (potentially modified memory range 0x1F838000 to 0x1F978000)
[2026-08-16 16:47:52.998] [trace] [gpu] [t6280] Make 1F6F8000 -> 1F93D000 (2379776b) coherent, action = VC | TC
[2026-08-16 16:47:52.998] [trace] [gpu] [t6280] Make 1F6F8000 -> 1F7FD000 (1069056b) coherent, action = VC | TC
[2026-08-16 16:47:52.998] [trace] [gpu] [t6280] Make 1F6F8000 -> 1FA7D000 (3690496b) coherent, action = VC | TC
[2026-08-16 16:47:52.998] [trace] [gpu] [t6280] Make 1F6F8000 -> 1F93D000 (2379776b) coherent, action = VC | TC
[2026-08-16 16:47:52.998] [trace] [gpu] [t6280] Resolve: 0,0 <= x,y < 1280,208, k_8_8_8_8 -> k_8_8_8_8 at 0x1F978000 (potentially modified memory range 0x1F978000 to 0x1FA90000)
[2026-08-16 16:47:52.999] [trace] [gpu] [t6280] Make 1F6F8000 -> 1F7FD000 (1069056b) coherent, action = VC | TC
[2026-08-16 16:47:52.999] [trace] [gpu] [t6280] Make 1FA90000 -> 1FC90000 (2097152b) coherent, action = VC
[2026-08-16 16:47:53.029] [trace] [gpu] [t6280] Loaded tiled 1280x720x1 2D k_8_8_8_8 texture with 1 unpacked mip level, base at 0x1F6F8000 (pitch 1280, size 0x00398000), mips at 0x00000000 (size 0x00000000)
[2026-08-16 16:47:53.029] [trace] [gpu] [t6280] Make 1FA90000 -> 1FC90000 (2097152b) coherent, action = VC
[2026-08-16 16:47:53.029] [trace] [gpu] [t6280] Make 1FA90000 -> 1FC90000 (2097152b) coherent, action = VC
[2026-08-16 16:47:53.029] [trace] [gpu] [t6280] Resolve: 0,0 <= x,y < 1280,256, k_8_8_8_8 -> k_8_8_8_8 at 0x1F360000 (potentially modified memory range 0x1F360000 to 0x1F4A0000)
[2026-08-16 16:47:53.029] [trace] [gpu] [t6280] Make 1F360000 -> 1F6E5000 (3690496b) coherent, action = VC | TC
[2026-08-16 16:47:53.029] [trace] [gpu] [t6280] Make 1F360000 -> 1F5A5000 (2379776b) coherent, action = VC | TC
[2026-08-16 16:47:53.029] [trace] [gpu] [t6280] Make 1F360000 -> 1F465000 (1069056b) coherent, action = VC | TC
[2026-08-16 16:47:53.029] [trace] [gpu] [t6280] Make 1F360000 -> 1F6E5000 (3690496b) coherent, action = VC | TC
[2026-08-16 16:47:53.029] [trace] [gpu] [t6280] Resolve: 0,0 <= x,y < 1280,256, k_8_8_8_8 -> k_8_8_8_8 at 0x1F4A0000 (potentially modified memory range 0x1F4A0000 to 0x1F5E0000)
[2026-08-16 16:47:53.029] [trace] [gpu] [t6280] Make 1F360000 -> 1F5A5000 (2379776b) coherent, action = VC | TC
[2026-08-16 16:47:53.029] [trace] [gpu] [t6280] Make 1F360000 -> 1F465000 (1069056b) coherent, action = VC | TC
[2026-08-16 16:47:53.029] [trace] [gpu] [t6280] Make 1F360000 -> 1F6E5000 (3690496b) coherent, action = VC | TC
[2026-08-16 16:47:53.029] [trace] [gpu] [t6280] Make 1F360000 -> 1F5A5000 (2379776b) coherent, action = VC | TC
[2026-08-16 16:47:53.029] [trace] [gpu] [t6280] Resolve: 0,0 <= x,y < 1280,208, k_8_8_8_8 -> k_8_8_8_8 at 0x1F5E0000 (potentially modified memory range 0x1F5E0000 to 0x1F6F8000)
[2026-08-16 16:47:53.029] [trace] [gpu] [t6280] Make 1F360000 -> 1F465000 (1069056b) coherent, action = VC | TC
[2026-08-16 16:47:53.029] [trace] [gpu] [t6280] Make 1FA90000 -> 1FC90000 (2097152b) coherent, action = VC
[2026-08-16 16:47:53.060] [trace] [gpu] [t6280] Loaded tiled 1280x720x1 2D k_8_8_8_8 texture with 1 unpacked mip level, base at 0x1F360000 (pitch 1280, size 0x00398000), mips at 0x00000000 (size 0x00000000)
[2026-08-16 16:47:53.060] [trace] [gpu] [t6280] Make 1FA90000 -> 1FC90000 (2097152b) coherent, action = VC
[2026-08-16 16:47:53.060] [trace] [gpu] [t6280] Make 1FA90000 -> 1FC90000 (2097152b) coherent, action = VC
[2026-08-16 16:47:53.060] [trace] [gpu] [t6280] Resolve: 0,0 <= x,y < 1280,256, k_8_8_8_8 -> k_8_8_8_8 at 0x1F6F8000 (potentially modified memory range 0x1F6F8000 to 0x1F838000)
[2026-08-16 16:47:53.060] [trace] [gpu] [t6280] Make 1F6F8000 -> 1FA7D000 (3690496b) coherent, action = VC | TC
[2026-08-16 16:47:53.060] [trace] [gpu] [t6280] Make 1F6F8000 -> 1F93D000 (2379776b) coherent, action = VC | TC
[2026-08-16 16:47:53.060] [trace] [gpu] [t6280] Make 1F6F8000 -> 1F7FD000 (1069056b) coherent, action = VC | TC
[2026-08-16 16:47:53.060] [trace] [gpu] [t6280] Make 1F6F8000 -> 1FA7D000 (3690496b) coherent, action = VC | TC
[2026-08-16 16:47:53.060] [trace] [gpu] [t6280] Resolve: 0,0 <= x,y < 1280,256, k_8_8_8_8 -> k_8_8_8_8 at 0x1F838000 (potentially modified memory range 0x1F838000 to 0x1F978000)
[2026-08-16 16:47:53.060] [trace] [gpu] [t6280] Make 1F6F8000 -> 1F93D000 (2379776b) coherent, action = VC | TC
[2026-08-16 16:47:53.060] [trace] [gpu] [t6280] Make 1F6F8000 -> 1F7FD000 (1069056b) coherent, action = VC | TC
[2026-08-16 16:47:53.060] [trace] [gpu] [t6280] Make 1F6F8000 -> 1FA7D000 (3690496b) coherent, action = VC | TC
[2026-08-16 16:47:53.060] [trace] [gpu] [t6280] Make 1F6F8000 -> 1F93D000 (2379776b) coherent, action = VC | TC
[2026-08-16 16:47:53.060] [trace] [gpu] [t6280] Resolve: 0,0 <= x,y < 1280,208, k_8_8_8_8 -> k_8_8_8_8 at 0x1F978000 (potentially modified memory range 0x1F978000 to 0x1FA90000)
[2026-08-16 16:47:53.060] [trace] [gpu] [t6280] Make 1F6F8000 -> 1F7FD000 (1069056b) coherent, action = VC | TC
[2026-08-16 16:47:53.060] [trace] [gpu] [t6280] Make 1FA90000 -> 1FC90000 (2097152b) coherent, action = VC
[2026-08-16 16:47:53.091] [trace] [gpu] [t6280] Loaded tiled 1280x720x1 2D k_8_8_8_8 texture with 1 unpacked mip level, base at 0x1F6F8000 (pitch 1280, size 0x00398000), mips at 0x00000000 (size 0x00000000)
[2026-08-16 16:47:53.092] [trace] [gpu] [t6280] Make 1FA90000 -> 1FC90000 (2097152b) coherent, action = VC
[2026-08-16 16:47:53.092] [trace] [gpu] [t6280] Make 1FA90000 -> 1FC90000 (2097152b) coherent, action = VC
[2026-08-16 16:47:53.092] [trace] [gpu] [t6280] Resolve: 0,0 <= x,y < 1280,256, k_8_8_8_8 -> k_8_8_8_8 at 0x1F360000 (potentially modified memory range 0x1F360000 to 0x1F4A0000)
[2026-08-16 16:47:53.092] [trace] [gpu] [t6280] Make 1F360000 -> 1F6E5000 (3690496b) coherent, action = VC | TC
[2026-08-16 16:47:53.092] [trace] [gpu] [t6280] Make 1F360000 -> 1F5A5000 (2379776b) coherent, action = VC | TC
[2026-08-16 16:47:53.092] [trace] [gpu] [t6280] Make 1F360000 -> 1F465000 (1069056b) coherent, action = VC | TC
[2026-08-16 16:47:53.092] [trace] [gpu] [t6280] Make 1F360000 -> 1F6E5000 (3690496b) coherent, action = VC | TC
[2026-08-16 16:47:53.092] [trace] [gpu] [t6280] Resolve: 0,0 <= x,y < 1280,256, k_8_8_8_8 -> k_8_8_8_8 at 0x1F4A0000 (potentially modified memory range 0x1F4A0000 to 0x1F5E0000)
[2026-08-16 16:47:53.092] [trace] [gpu] [t6280] Make 1F360000 -> 1F5A5000 (2379776b) coherent, action = VC | TC
[2026-08-16 16:47:53.092] [trace] [gpu] [t6280] Make 1F360000 -> 1F465000 (1069056b) coherent, action = VC | TC
[2026-08-16 16:47:53.092] [trace] [gpu] [t6280] Make 1F360000 -> 1F6E5000 (3690496b) coherent, action = VC | TC
[2026-08-16 16:47:53.092] [trace] [gpu] [t6280] Make 1F360000 -> 1F5A5000 (2379776b) coherent, action = VC | TC
[2026-08-16 16:47:53.092] [trace] [gpu] [t6280] Resolve: 0,0 <= x,y < 1280,208, k_8_8_8_8 -> k_8_8_8_8 at 0x1F5E0000 (potentially modified memory range 0x1F5E0000 to 0x1F6F8000)
[2026-08-16 16:47:53.092] [trace] [gpu] [t6280] Make 1F360000 -> 1F465000 (1069056b) coherent, action = VC | TC
[2026-08-16 16:47:53.092] [trace] [gpu] [t6280] Make 1FA90000 -> 1FC90000 (2097152b) coherent, action = VC
[2026-08-16 16:47:53.122] [trace] [gpu] [t6280] Loaded tiled 1280x720x1 2D k_8_8_8_8 texture with 1 unpacked mip level, base at 0x1F360000 (pitch 1280, size 0x00398000), mips at 0x00000000 (size 0x00000000)
[2026-08-16 16:47:53.122] [trace] [gpu] [t6280] Make 1FA90000 -> 1FC90000 (2097152b) coherent, action = VC
[2026-08-16 16:47:53.122] [trace] [gpu] [t6280] Make 1FA90000 -> 1FC90000 (2097152b) coherent, action = VC
[2026-08-16 16:47:53.122] [trace] [gpu] [t6280] Resolve: 0,0 <= x,y < 1280,256, k_8_8_8_8 -> k_8_8_8_8 at 0x1F6F8000 (potentially modified memory range 0x1F6F8000 to 0x1F838000)
[2026-08-16 16:47:53.122] [trace] [gpu] [t6280] Make 1F6F8000 -> 1FA7D000 (3690496b) coherent, action = VC | TC
[2026-08-16 16:47:53.122] [trace] [gpu] [t6280] Make 1F6F8000 -> 1F93D000 (2379776b) coherent, action = VC | TC
[2026-08-16 16:47:53.122] [trace] [gpu] [t6280] Make 1F6F8000 -> 1F7FD000 (1069056b) coherent, action = VC | TC
[2026-08-16 16:47:53.122] [trace] [gpu] [t6280] Make 1F6F8000 -> 1FA7D000 (3690496b) coherent, action = VC | TC
[2026-08-16 16:47:53.122] [trace] [gpu] [t6280] Resolve: 0,0 <= x,y < 1280,256, k_8_8_8_8 -> k_8_8_8_8 at 0x1F838000 (potentially modified memory range 0x1F838000 to 0x1F978000)
[2026-08-16 16:47:53.122] [trace] [gpu] [t6280] Make 1F6F8000 -> 1F93D000 (2379776b) coherent, action = VC | TC
[2026-08-16 16:47:53.122] [trace] [gpu] [t6280] Make 1F6F8000 -> 1F7FD000 (1069056b) coherent, action = VC | TC
[2026-08-16 16:47:53.122] [trace] [gpu] [t6280] Make 1F6F8000 -> 1FA7D000 (3690496b) coherent, action = VC | TC
[2026-08-16 16:47:53.122] [trace] [gpu] [t6280] Make 1F6F8000 -> 1F93D000 (2379776b) coherent, action = VC | TC
[2026-08-16 16:47:53.122] [trace] [gpu] [t6280] Resolve: 0,0 <= x,y < 1280,208, k_8_8_8_8 -> k_8_8_8_8 at 0x1F978000 (potentially modified memory range 0x1F978000 to 0x1FA90000)
[2026-08-16 16:47:53.122] [trace] [gpu] [t6280] Make 1F6F8000 -> 1F7FD000 (1069056b) coherent, action = VC | TC
[2026-08-16 16:47:53.122] [trace] [gpu] [t6280] Make 1FA90000 -> 1FC90000 (2097152b) coherent, action = VC
[2026-08-16 16:47:53.153] [trace] [gpu] [t6280] Loaded tiled 1280x720x1 2D k_8_8_8_8 texture with 1 unpacked mip level, base at 0x1F6F8000 (pitch 1280, size 0x00398000), mips at 0x00000000 (size 0x00000000)
[2026-08-16 16:47:53.153] [trace] [gpu] [t6280] Make 1FA90000 -> 1FC90000 (2097152b) coherent, action = VC
[2026-08-16 16:47:53.153] [trace] [gpu] [t6280] Make 1FA90000 -> 1FC90000 (2097152b) coherent, action = VC
[2026-08-16 16:47:53.153] [trace] [gpu] [t6280] Resolve: 0,0 <= x,y < 1280,256, k_8_8_8_8 -> k_8_8_8_8 at 0x1F360000 (potentially modified memory range 0x1F360000 to 0x1F4A0000)
[2026-08-16 16:47:53.153] [trace] [gpu] [t6280] Make 1F360000 -> 1F6E5000 (3690496b) coherent, action = VC | TC
[2026-08-16 16:47:53.153] [trace] [gpu] [t6280] Make 1F360000 -> 1F5A5000 (2379776b) coherent, action = VC | TC
[2026-08-16 16:47:53.153] [trace] [gpu] [t6280] Make 1F360000 -> 1F465000 (1069056b) coherent, action = VC | TC
[2026-08-16 16:47:53.153] [trace] [gpu] [t6280] Make 1F360000 -> 1F6E5000 (3690496b) coherent, action = VC | TC
[2026-08-16 16:47:53.153] [trace] [gpu] [t6280] Resolve: 0,0 <= x,y < 1280,256, k_8_8_8_8 -> k_8_8_8_8 at 0x1F4A0000 (potentially modified memory range 0x1F4A0000 to 0x1F5E0000)
[2026-08-16 16:47:53.153] [trace] [gpu] [t6280] Make 1F360000 -> 1F5A5000 (2379776b) coherent, action = VC | TC
[2026-08-16 16:47:53.153] [trace] [gpu] [t6280] Make 1F360000 -> 1F465000 (1069056b) coherent, action = VC | TC
[2026-08-16 16:47:53.153] [trace] [gpu] [t6280] Make 1F360000 -> 1F6E5000 (3690496b) coherent, action = VC | TC
[2026-08-16 16:47:53.153] [trace] [gpu] [t6280] Make 1F360000 -> 1F5A5000 (2379776b) coherent, action = VC | TC
[2026-08-16 16:47:53.153] [trace] [gpu] [t6280] Resolve: 0,0 <= x,y < 1280,208, k_8_8_8_8 -> k_8_8_8_8 at 0x1F5E0000 (potentially modified memory range 0x1F5E0000 to 0x1F6F8000)
[2026-08-16 16:47:53.153] [trace] [gpu] [t6280] Make 1F360000 -> 1F465000 (1069056b) coherent, action = VC | TC
[2026-08-16 16:47:53.153] [trace] [gpu] [t6280] Make 1FA90000 -> 1FC90000 (2097152b) coherent, action = VC
[2026-08-16 16:47:53.184] [trace] [gpu] [t6280] Loaded tiled 1280x720x1 2D k_8_8_8_8 texture with 1 unpacked mip level, base at 0x1F360000 (pitch 1280, size 0x00398000), mips at 0x00000000 (size 0x00000000)
[2026-08-16 16:47:53.184] [trace] [gpu] [t6280] Make 1FA90000 -> 1FC90000 (2097152b) coherent, action = VC
[2026-08-16 16:47:53.184] [trace] [gpu] [t6280] Make 1FA90000 -> 1FC90000 (2097152b) coherent, action = VC
[2026-08-16 16:47:53.184] [trace] [gpu] [t6280] Resolve: 0,0 <= x,y < 1280,256, k_8_8_8_8 -> k_8_8_8_8 at 0x1F6F8000 (potentially modified memory range 0x1F6F8000 to 0x1F838000)
[2026-08-16 16:47:53.184] [trace] [gpu] [t6280] Make 1F6F8000 -> 1FA7D000 (3690496b) coherent, action = VC | TC
[2026-08-16 16:47:53.184] [trace] [gpu] [t6280] Make 1F6F8000 -> 1F93D000 (2379776b) coherent, action = VC | TC
[2026-08-16 16:47:53.184] [trace] [gpu] [t6280] Make 1F6F8000 -> 1F7FD000 (1069056b) coherent, action = VC | TC
[2026-08-16 16:47:53.184] [trace] [gpu] [t6280] Make 1F6F8000 -> 1FA7D000 (3690496b) coherent, action = VC | TC
[2026-08-16 16:47:53.184] [trace] [gpu] [t6280] Resolve: 0,0 <= x,y < 1280,256, k_8_8_8_8 -> k_8_8_8_8 at 0x1F838000 (potentially modified memory range 0x1F838000 to 0x1F978000)
[2026-08-16 16:47:53.184] [trace] [gpu] [t6280] Make 1F6F8000 -> 1F93D000 (2379776b) coherent, action = VC | TC
[2026-08-16 16:47:53.184] [trace] [gpu] [t6280] Make 1F6F8000 -> 1F7FD000 (1069056b) coherent, action = VC | TC
[2026-08-16 16:47:53.184] [trace] [gpu] [t6280] Make 1F6F8000 -> 1FA7D000 (3690496b) coherent, action = VC | TC
[2026-08-16 16:47:53.184] [trace] [gpu] [t6280] Make 1F6F8000 -> 1F93D000 (2379776b) coherent, action = VC | TC
[2026-08-16 16:47:53.185] [trace] [gpu] [t6280] Resolve: 0,0 <= x,y < 1280,208, k_8_8_8_8 -> k_8_8_8_8 at 0x1F978000 (potentially modified memory range 0x1F978000 to 0x1FA90000)
[2026-08-16 16:47:53.185] [trace] [gpu] [t6280] Make 1F6F8000 -> 1F7FD000 (1069056b) coherent, action = VC | TC
[2026-08-16 16:47:53.185] [trace] [gpu] [t6280] Make 1FA90000 -> 1FC90000 (2097152b) coherent, action = VC
[2026-08-16 16:47:53.230] [trace] [gpu] [t6280] Loaded tiled 1280x720x1 2D k_8_8_8_8 texture with 1 unpacked mip level, base at 0x1F6F8000 (pitch 1280, size 0x00398000), mips at 0x00000000 (size 0x00000000)
[2026-08-16 16:47:53.230] [trace] [gpu] [t6280] Make 1FA90000 -> 1FC90000 (2097152b) coherent, action = VC
[2026-08-16 16:47:53.230] [trace] [gpu] [t6280] Make 1FA90000 -> 1FC90000 (2097152b) coherent, action = VC
[2026-08-16 16:47:53.230] [trace] [gpu] [t6280] Resolve: 0,0 <= x,y < 1280,256, k_8_8_8_8 -> k_8_8_8_8 at 0x1F360000 (potentially modified memory range 0x1F360000 to 0x1F4A0000)
[2026-08-16 16:47:53.230] [trace] [gpu] [t6280] Make 1F360000 -> 1F6E5000 (3690496b) coherent, action = VC | TC
[2026-08-16 16:47:53.230] [trace] [gpu] [t6280] Make 1F360000 -> 1F5A5000 (2379776b) coherent, action = VC | TC
[2026-08-16 16:47:53.230] [trace] [gpu] [t6280] Make 1F360000 -> 1F465000 (1069056b) coherent, action = VC | TC
[2026-08-16 16:47:53.230] [trace] [gpu] [t6280] Make 1F360000 -> 1F6E5000 (3690496b) coherent, action = VC | TC
[2026-08-16 16:47:53.230] [trace] [gpu] [t6280] Resolve: 0,0 <= x,y < 1280,256, k_8_8_8_8 -> k_8_8_8_8 at 0x1F4A0000 (potentially modified memory range 0x1F4A0000 to 0x1F5E0000)
[2026-08-16 16:47:53.230] [trace] [gpu] [t6280] Make 1F360000 -> 1F5A5000 (2379776b) coherent, action = VC | TC
[2026-08-16 16:47:53.230] [trace] [gpu] [t6280] Make 1F360000 -> 1F465000 (1069056b) coherent, action = VC | TC
[2026-08-16 16:47:53.230] [trace] [gpu] [t6280] Make 1F360000 -> 1F6E5000 (3690496b) coherent, action = VC | TC
[2026-08-16 16:47:53.230] [trace] [gpu] [t6280] Make 1F360000 -> 1F5A5000 (2379776b) coherent, action = VC | TC
[2026-08-16 16:47:53.230] [trace] [gpu] [t6280] Resolve: 0,0 <= x,y < 1280,208, k_8_8_8_8 -> k_8_8_8_8 at 0x1F5E0000 (potentially modified memory range 0x1F5E0000 to 0x1F6F8000)
[2026-08-16 16:47:53.230] [trace] [gpu] [t6280] Make 1F360000 -> 1F465000 (1069056b) coherent, action = VC | TC
[2026-08-16 16:47:53.230] [trace] [gpu] [t6280] Make 1FA90000 -> 1FC90000 (2097152b) coherent, action = VC
[2026-08-16 16:47:53.261] [trace] [gpu] [t6280] Loaded tiled 1280x720x1 2D k_8_8_8_8 texture with 1 unpacked mip level, base at 0x1F360000 (pitch 1280, size 0x00398000), mips at 0x00000000 (size 0x00000000)
[2026-08-16 16:47:53.261] [trace] [gpu] [t6280] Make 1FA90000 -> 1FC90000 (2097152b) coherent, action = VC
[2026-08-16 16:47:53.262] [trace] [gpu] [t6280] Make 1FA90000 -> 1FC90000 (2097152b) coherent, action = VC
[2026-08-16 16:47:53.262] [trace] [gpu] [t6280] Resolve: 0,0 <= x,y < 1280,256, k_8_8_8_8 -> k_8_8_8_8 at 0x1F6F8000 (potentially modified memory range 0x1F6F8000 to 0x1F838000)
[2026-08-16 16:47:53.262] [trace] [gpu] [t6280] Make 1F6F8000 -> 1FA7D000 (3690496b) coherent, action = VC | TC
[2026-08-16 16:47:53.262] [trace] [gpu] [t6280] Make 1F6F8000 -> 1F93D000 (2379776b) coherent, action = VC | TC
[2026-08-16 16:47:53.262] [trace] [gpu] [t6280] Make 1F6F8000 -> 1F7FD000 (1069056b) coherent, action = VC | TC
[2026-08-16 16:47:53.262] [trace] [gpu] [t6280] Make 1F6F8000 -> 1FA7D000 (3690496b) coherent, action = VC | TC
[2026-08-16 16:47:53.262] [trace] [gpu] [t6280] Resolve: 0,0 <= x,y < 1280,256, k_8_8_8_8 -> k_8_8_8_8 at 0x1F838000 (potentially modified memory range 0x1F838000 to 0x1F978000)
[2026-08-16 16:47:53.262] [trace] [gpu] [t6280] Make 1F6F8000 -> 1F93D000 (2379776b) coherent, action = VC | TC
[2026-08-16 16:47:53.262] [trace] [gpu] [t6280] Make 1F6F8000 -> 1F7FD000 (1069056b) coherent, action = VC | TC
[2026-08-16 16:47:53.262] [trace] [gpu] [t6280] Make 1F6F8000 -> 1FA7D000 (3690496b) coherent, action = VC | TC
[2026-08-16 16:47:53.262] [trace] [gpu] [t6280] Make 1F6F8000 -> 1F93D000 (2379776b) coherent, action = VC | TC
[2026-08-16 16:47:53.262] [trace] [gpu] [t6280] Resolve: 0,0 <= x,y < 1280,208, k_8_8_8_8 -> k_8_8_8_8 at 0x1F978000 (potentially modified memory range 0x1F978000 to 0x1FA90000)
[2026-08-16 16:47:53.262] [trace] [gpu] [t6280] Make 1F6F8000 -> 1F7FD000 (1069056b) coherent, action = VC | TC
[2026-08-16 16:47:53.262] [trace] [gpu] [t6280] Make 1FA90000 -> 1FC90000 (2097152b) coherent, action = VC
[2026-08-16 16:47:53.292] [trace] [gpu] [t6280] Loaded tiled 1280x720x1 2D k_8_8_8_8 texture with 1 unpacked mip level, base at 0x1F6F8000 (pitch 1280, size 0x00398000), mips at 0x00000000 (size 0x00000000)
[2026-08-16 16:47:53.292] [trace] [gpu] [t6280] Make 1FA90000 -> 1FC90000 (2097152b) coherent, action = VC
[2026-08-16 16:47:53.292] [trace] [gpu] [t6280] Make 1FA90000 -> 1FC90000 (2097152b) coherent, action = VC
[2026-08-16 16:47:53.292] [trace] [gpu] [t6280] Resolve: 0,0 <= x,y < 1280,256, k_8_8_8_8 -> k_8_8_8_8 at 0x1F360000 (potentially modified memory range 0x1F360000 to 0x1F4A0000)
[2026-08-16 16:47:53.293] [trace] [gpu] [t6280] Make 1F360000 -> 1F6E5000 (3690496b) coherent, action = VC | TC
[2026-08-16 16:47:53.293] [trace] [gpu] [t6280] Make 1F360000 -> 1F5A5000 (2379776b) coherent, action = VC | TC
[2026-08-16 16:47:53.293] [trace] [gpu] [t6280] Make 1F360000 -> 1F465000 (1069056b) coherent, action = VC | TC
[2026-08-16 16:47:53.293] [trace] [gpu] [t6280] Make 1F360000 -> 1F6E5000 (3690496b) coherent, action = VC | TC
[2026-08-16 16:47:53.293] [trace] [gpu] [t6280] Resolve: 0,0 <= x,y < 1280,256, k_8_8_8_8 -> k_8_8_8_8 at 0x1F4A0000 (potentially modified memory range 0x1F4A0000 to 0x1F5E0000)
[2026-08-16 16:47:53.293] [trace] [gpu] [t6280] Make 1F360000 -> 1F5A5000 (2379776b) coherent, action = VC | TC
[2026-08-16 16:47:53.293] [trace] [gpu] [t6280] Make 1F360000 -> 1F465000 (1069056b) coherent, action = VC | TC
[2026-08-16 16:47:53.293] [trace] [gpu] [t6280] Make 1F360000 -> 1F6E5000 (3690496b) coherent, action = VC | TC
[2026-08-16 16:47:53.293] [trace] [gpu] [t6280] Make 1F360000 -> 1F5A5000 (2379776b) coherent, action = VC | TC
[2026-08-16 16:47:53.293] [trace] [gpu] [t6280] Resolve: 0,0 <= x,y < 1280,208, k_8_8_8_8 -> k_8_8_8_8 at 0x1F5E0000 (potentially modified memory range 0x1F5E0000 to 0x1F6F8000)
[2026-08-16 16:47:53.293] [trace] [gpu] [t6280] Make 1F360000 -> 1F465000 (1069056b) coherent, action = VC | TC
[2026-08-16 16:47:53.293] [trace] [gpu] [t6280] Make 1FA90000 -> 1FC90000 (2097152b) coherent, action = VC
[2026-08-16 16:47:53.323] [trace] [gpu] [t6280] Loaded tiled 1280x720x1 2D k_8_8_8_8 texture with 1 unpacked mip level, base at 0x1F360000 (pitch 1280, size 0x00398000), mips at 0x00000000 (size 0x00000000)
[2026-08-16 16:47:53.323] [trace] [gpu] [t6280] Make 1FA90000 -> 1FC90000 (2097152b) coherent, action = VC
[2026-08-16 16:47:53.323] [trace] [gpu] [t6280] Make 1FA90000 -> 1FC90000 (2097152b) coherent, action = VC
[2026-08-16 16:47:53.323] [trace] [gpu] [t6280] Resolve: 0,0 <= x,y < 1280,256, k_8_8_8_8 -> k_8_8_8_8 at 0x1F6F8000 (potentially modified memory range 0x1F6F8000 to 0x1F838000)
[2026-08-16 16:47:53.323] [trace] [gpu] [t6280] Make 1F6F8000 -> 1FA7D000 (3690496b) coherent, action = VC | TC
[2026-08-16 16:47:53.323] [trace] [gpu] [t6280] Make 1F6F8000 -> 1F93D000 (2379776b) coherent, action = VC | TC
[2026-08-16 16:47:53.323] [trace] [gpu] [t6280] Make 1F6F8000 -> 1F7FD000 (1069056b) coherent, action = VC | TC
[2026-08-16 16:47:53.323] [trace] [gpu] [t6280] Make 1F6F8000 -> 1FA7D000 (3690496b) coherent, action = VC | TC
[2026-08-16 16:47:53.323] [trace] [gpu] [t6280] Resolve: 0,0 <= x,y < 1280,256, k_8_8_8_8 -> k_8_8_8_8 at 0x1F838000 (potentially modified memory range 0x1F838000 to 0x1F978000)
[2026-08-16 16:47:53.323] [trace] [gpu] [t6280] Make 1F6F8000 -> 1F93D000 (2379776b) coherent, action = VC | TC
[2026-08-16 16:47:53.323] [trace] [gpu] [t6280] Make 1F6F8000 -> 1F7FD000 (1069056b) coherent, action = VC | TC
[2026-08-16 16:47:53.323] [trace] [gpu] [t6280] Make 1F6F8000 -> 1FA7D000 (3690496b) coherent, action = VC | TC
[2026-08-16 16:47:53.323] [trace] [gpu] [t6280] Make 1F6F8000 -> 1F93D000 (2379776b) coherent, action = VC | TC
[2026-08-16 16:47:53.323] [trace] [gpu] [t6280] Resolve: 0,0 <= x,y < 1280,208, k_8_8_8_8 -> k_8_8_8_8 at 0x1F978000 (potentially modified memory range 0x1F978000 to 0x1FA90000)
[2026-08-16 16:47:53.323] [trace] [gpu] [t6280] Make 1F6F8000 -> 1F7FD000 (1069056b) coherent, action = VC | TC
[2026-08-16 16:47:53.323] [trace] [gpu] [t6280] Make 1FA90000 -> 1FC90000 (2097152b) coherent, action = VC
[2026-08-16 16:47:53.354] [trace] [gpu] [t6280] Loaded tiled 1280x720x1 2D k_8_8_8_8 texture with 1 unpacked mip level, base at 0x1F6F8000 (pitch 1280, size 0x00398000), mips at 0x00000000 (size 0x00000000)
[2026-08-16 16:47:53.354] [trace] [gpu] [t6280] Make 1FA90000 -> 1FC90000 (2097152b) coherent, action = VC
[2026-08-16 16:47:53.354] [trace] [gpu] [t6280] Make 1FA90000 -> 1FC90000 (2097152b) coherent, action = VC
[2026-08-16 16:47:53.354] [trace] [gpu] [t6280] Resolve: 0,0 <= x,y < 1280,256, k_8_8_8_8 -> k_8_8_8_8 at 0x1F360000 (potentially modified memory range 0x1F360000 to 0x1F4A0000)
[2026-08-16 16:47:53.354] [trace] [gpu] [t6280] Make 1F360000 -> 1F6E5000 (3690496b) coherent, action = VC | TC
[2026-08-16 16:47:53.354] [trace] [gpu] [t6280] Make 1F360000 -> 1F5A5000 (2379776b) coherent, action = VC | TC
[2026-08-16 16:47:53.354] [trace] [gpu] [t6280] Make 1F360000 -> 1F465000 (1069056b) coherent, action = VC | TC
[2026-08-16 16:47:53.355] [trace] [gpu] [t6280] Make 1F360000 -> 1F6E5000 (3690496b) coherent, action = VC | TC
[2026-08-16 16:47:53.355] [trace] [gpu] [t6280] Resolve: 0,0 <= x,y < 1280,256, k_8_8_8_8 -> k_8_8_8_8 at 0x1F4A0000 (potentially modified memory range 0x1F4A0000 to 0x1F5E0000)
[2026-08-16 16:47:53.355] [trace] [gpu] [t6280] Make 1F360000 -> 1F5A5000 (2379776b) coherent, action = VC | TC
[2026-08-16 16:47:53.355] [trace] [gpu] [t6280] Make 1F360000 -> 1F465000 (1069056b) coherent, action = VC | TC
[2026-08-16 16:47:53.355] [trace] [gpu] [t6280] Make 1F360000 -> 1F6E5000 (3690496b) coherent, action = VC | TC
[2026-08-16 16:47:53.355] [trace] [gpu] [t6280] Make 1F360000 -> 1F5A5000 (2379776b) coherent, action = VC | TC
[2026-08-16 16:47:53.355] [trace] [gpu] [t6280] Resolve: 0,0 <= x,y < 1280,208, k_8_8_8_8 -> k_8_8_8_8 at 0x1F5E0000 (potentially modified memory range 0x1F5E0000 to 0x1F6F8000)
[2026-08-16 16:47:53.355] [trace] [gpu] [t6280] Make 1F360000 -> 1F465000 (1069056b) coherent, action = VC | TC
[2026-08-16 16:47:53.355] [trace] [gpu] [t6280] Make 1FA90000 -> 1FC90000 (2097152b) coherent, action = VC
[2026-08-16 16:47:53.384] [trace] [gpu] [t6280] Loaded tiled 1280x720x1 2D k_8_8_8_8 texture with 1 unpacked mip level, base at 0x1F360000 (pitch 1280, size 0x00398000), mips at 0x00000000 (size 0x00000000)
[2026-08-16 16:47:53.384] [trace] [gpu] [t6280] Make 1FA90000 -> 1FC90000 (2097152b) coherent, action = VC
[2026-08-16 16:47:53.384] [trace] [gpu] [t6280] Make 1FA90000 -> 1FC90000 (2097152b) coherent, action = VC
[2026-08-16 16:47:53.384] [trace] [gpu] [t6280] Resolve: 0,0 <= x,y < 1280,256, k_8_8_8_8 -> k_8_8_8_8 at 0x1F6F8000 (potentially modified memory range 0x1F6F8000 to 0x1F838000)
[2026-08-16 16:47:53.384] [trace] [gpu] [t6280] Make 1F6F8000 -> 1FA7D000 (3690496b) coherent, action = VC | TC
[2026-08-16 16:47:53.384] [trace] [gpu] [t6280] Make 1F6F8000 -> 1F93D000 (2379776b) coherent, action = VC | TC
[2026-08-16 16:47:53.384] [trace] [gpu] [t6280] Make 1F6F8000 -> 1F7FD000 (1069056b) coherent, action = VC | TC
[2026-08-16 16:47:53.384] [trace] [gpu] [t6280] Make 1F6F8000 -> 1FA7D000 (3690496b) coherent, action = VC | TC
[2026-08-16 16:47:53.384] [trace] [gpu] [t6280] Resolve: 0,0 <= x,y < 1280,256, k_8_8_8_8 -> k_8_8_8_8 at 0x1F838000 (potentially modified memory range 0x1F838000 to 0x1F978000)
[2026-08-16 16:47:53.384] [trace] [gpu] [t6280] Make 1F6F8000 -> 1F93D000 (2379776b) coherent, action = VC | TC
[2026-08-16 16:47:53.384] [trace] [gpu] [t6280] Make 1F6F8000 -> 1F7FD000 (1069056b) coherent, action = VC | TC
[2026-08-16 16:47:53.384] [trace] [gpu] [t6280] Make 1F6F8000 -> 1FA7D000 (3690496b) coherent, action = VC | TC
[2026-08-16 16:47:53.384] [trace] [gpu] [t6280] Make 1F6F8000 -> 1F93D000 (2379776b) coherent, action = VC | TC
[2026-08-16 16:47:53.384] [trace] [gpu] [t6280] Resolve: 0,0 <= x,y < 1280,208, k_8_8_8_8 -> k_8_8_8_8 at 0x1F978000 (potentially modified memory range 0x1F978000 to 0x1FA90000)
[2026-08-16 16:47:53.385] [trace] [gpu] [t6280] Make 1F6F8000 -> 1F7FD000 (1069056b) coherent, action = VC | TC
[2026-08-16 16:47:53.385] [trace] [gpu] [t6280] Make 1FA90000 -> 1FC90000 (2097152b) coherent, action = VC
[2026-08-16 16:47:53.431] [trace] [gpu] [t6280] Loaded tiled 1280x720x1 2D k_8_8_8_8 texture with 1 unpacked mip level, base at 0x1F6F8000 (pitch 1280, size 0x00398000), mips at 0x00000000 (size 0x00000000)
[2026-08-16 16:47:53.432] [trace] [gpu] [t6280] Make 1FA90000 -> 1FC90000 (2097152b) coherent, action = VC
[2026-08-16 16:47:53.432] [trace] [gpu] [t6280] Make 1FA90000 -> 1FC90000 (2097152b) coherent, action = VC
[2026-08-16 16:47:53.432] [trace] [gpu] [t6280] Resolve: 0,0 <= x,y < 1280,256, k_8_8_8_8 -> k_8_8_8_8 at 0x1F360000 (potentially modified memory range 0x1F360000 to 0x1F4A0000)
[2026-08-16 16:47:53.432] [trace] [gpu] [t6280] Make 1F360000 -> 1F6E5000 (3690496b) coherent, action = VC | TC
[2026-08-16 16:47:53.432] [trace] [gpu] [t6280] Make 1F360000 -> 1F5A5000 (2379776b) coherent, action = VC | TC
[2026-08-16 16:47:53.432] [trace] [gpu] [t6280] Make 1F360000 -> 1F465000 (1069056b) coherent, action = VC | TC
[2026-08-16 16:47:53.432] [trace] [gpu] [t6280] Make 1F360000 -> 1F6E5000 (3690496b) coherent, action = VC | TC
[2026-08-16 16:47:53.432] [trace] [gpu] [t6280] Resolve: 0,0 <= x,y < 1280,256, k_8_8_8_8 -> k_8_8_8_8 at 0x1F4A0000 (potentially modified memory range 0x1F4A0000 to 0x1F5E0000)
[2026-08-16 16:47:53.432] [trace] [gpu] [t6280] Make 1F360000 -> 1F5A5000 (2379776b) coherent, action = VC | TC
[2026-08-16 16:47:53.432] [trace] [gpu] [t6280] Make 1F360000 -> 1F465000 (1069056b) coherent, action = VC | TC
[2026-08-16 16:47:53.432] [trace] [gpu] [t6280] Make 1F360000 -> 1F6E5000 (3690496b) coherent, action = VC | TC
[2026-08-16 16:47:53.432] [trace] [gpu] [t6280] Make 1F360000 -> 1F5A5000 (2379776b) coherent, action = VC | TC
[2026-08-16 16:47:53.432] [trace] [gpu] [t6280] Resolve: 0,0 <= x,y < 1280,208, k_8_8_8_8 -> k_8_8_8_8 at 0x1F5E0000 (potentially modified memory range 0x1F5E0000 to 0x1F6F8000)
[2026-08-16 16:47:53.432] [trace] [gpu] [t6280] Make 1F360000 -> 1F465000 (1069056b) coherent, action = VC | TC
[2026-08-16 16:47:53.432] [trace] [gpu] [t6280] Make 1FA90000 -> 1FC90000 (2097152b) coherent, action = VC
[2026-08-16 16:47:53.463] [trace] [gpu] [t6280] Loaded tiled 1280x720x1 2D k_8_8_8_8 texture with 1 unpacked mip level, base at 0x1F360000 (pitch 1280, size 0x00398000), mips at 0x00000000 (size 0x00000000)
[2026-08-16 16:47:53.464] [trace] [gpu] [t6280] Make 1FA90000 -> 1FC90000 (2097152b) coherent, action = VC
[2026-08-16 16:47:53.464] [trace] [gpu] [t6280] Make 1FA90000 -> 1FC90000 (2097152b) coherent, action = VC
[2026-08-16 16:47:53.464] [trace] [gpu] [t6280] Resolve: 0,0 <= x,y < 1280,256, k_8_8_8_8 -> k_8_8_8_8 at 0x1F6F8000 (potentially modified memory range 0x1F6F8000 to 0x1F838000)
[2026-08-16 16:47:53.464] [trace] [gpu] [t6280] Make 1F6F8000 -> 1FA7D000 (3690496b) coherent, action = VC | TC
[2026-08-16 16:47:53.464] [trace] [gpu] [t6280] Make 1F6F8000 -> 1F93D000 (2379776b) coherent, action = VC | TC
[2026-08-16 16:47:53.464] [trace] [gpu] [t6280] Make 1F6F8000 -> 1F7FD000 (1069056b) coherent, action = VC | TC
[2026-08-16 16:47:53.464] [trace] [gpu] [t6280] Make 1F6F8000 -> 1FA7D000 (3690496b) coherent, action = VC | TC
[2026-08-16 16:47:53.464] [trace] [gpu] [t6280] Resolve: 0,0 <= x,y < 1280,256, k_8_8_8_8 -> k_8_8_8_8 at 0x1F838000 (potentially modified memory range 0x1F838000 to 0x1F978000)
[2026-08-16 16:47:53.464] [trace] [gpu] [t6280] Make 1F6F8000 -> 1F93D000 (2379776b) coherent, action = VC | TC
[2026-08-16 16:47:53.464] [trace] [gpu] [t6280] Make 1F6F8000 -> 1F7FD000 (1069056b) coherent, action = VC | TC
[2026-08-16 16:47:53.464] [trace] [gpu] [t6280] Make 1F6F8000 -> 1FA7D000 (3690496b) coherent, action = VC | TC
[2026-08-16 16:47:53.464] [trace] [gpu] [t6280] Make 1F6F8000 -> 1F93D000 (2379776b) coherent, action = VC | TC
[2026-08-16 16:47:53.464] [trace] [gpu] [t6280] Resolve: 0,0 <= x,y < 1280,208, k_8_8_8_8 -> k_8_8_8_8 at 0x1F978000 (potentially modified memory range 0x1F978000 to 0x1FA90000)
[2026-08-16 16:47:53.464] [trace] [gpu] [t6280] Make 1F6F8000 -> 1F7FD000 (1069056b) coherent, action = VC | TC
[2026-08-16 16:47:53.464] [trace] [gpu] [t6280] Make 1FA90000 -> 1FC90000 (2097152b) coherent, action = VC
[2026-08-16 16:47:53.487] [debug] [apu] [t9908] SDLCallback: no frames queued (silence)
[2026-08-16 16:47:53.487] [debug] [apu] [t9908] SDLCallback: no frames queued (silence)
[2026-08-16 16:47:53.494] [trace] [gpu] [t6280] Loaded tiled 1280x720x1 2D k_8_8_8_8 texture with 1 unpacked mip level, base at 0x1F6F8000 (pitch 1280, size 0x00398000), mips at 0x00000000 (size 0x00000000)
[2026-08-16 16:47:53.494] [trace] [gpu] [t6280] Make 1FA90000 -> 1FC90000 (2097152b) coherent, action = VC
[2026-08-16 16:47:53.494] [trace] [gpu] [t6280] Make 1FA90000 -> 1FC90000 (2097152b) coherent, action = VC
[2026-08-16 16:47:53.494] [trace] [gpu] [t6280] Resolve: 0,0 <= x,y < 1280,256, k_8_8_8_8 -> k_8_8_8_8 at 0x1F360000 (potentially modified memory range 0x1F360000 to 0x1F4A0000)
[2026-08-16 16:47:53.494] [trace] [gpu] [t6280] Make 1F360000 -> 1F6E5000 (3690496b) coherent, action = VC | TC
[2026-08-16 16:47:53.494] [trace] [gpu] [t6280] Make 1F360000 -> 1F5A5000 (2379776b) coherent, action = VC | TC
[2026-08-16 16:47:53.494] [trace] [gpu] [t6280] Make 1F360000 -> 1F465000 (1069056b) coherent, action = VC | TC
[2026-08-16 16:47:53.494] [trace] [gpu] [t6280] Make 1F360000 -> 1F6E5000 (3690496b) coherent, action = VC | TC
[2026-08-16 16:47:53.494] [trace] [gpu] [t6280] Resolve: 0,0 <= x,y < 1280,256, k_8_8_8_8 -> k_8_8_8_8 at 0x1F4A0000 (potentially modified memory range 0x1F4A0000 to 0x1F5E0000)
[2026-08-16 16:47:53.494] [trace] [gpu] [t6280] Make 1F360000 -> 1F5A5000 (2379776b) coherent, action = VC | TC
[2026-08-16 16:47:53.494] [trace] [gpu] [t6280] Make 1F360000 -> 1F465000 (1069056b) coherent, action = VC | TC
[2026-08-16 16:47:53.494] [trace] [gpu] [t6280] Make 1F360000 -> 1F6E5000 (3690496b) coherent, action = VC | TC
[2026-08-16 16:47:53.495] [trace] [gpu] [t6280] Make 1F360000 -> 1F5A5000 (2379776b) coherent, action = VC | TC
[2026-08-16 16:47:53.495] [trace] [gpu] [t6280] Resolve: 0,0 <= x,y < 1280,208, k_8_8_8_8 -> k_8_8_8_8 at 0x1F5E0000 (potentially modified memory range 0x1F5E0000 to 0x1F6F8000)
[2026-08-16 16:47:53.495] [trace] [gpu] [t6280] Make 1F360000 -> 1F465000 (1069056b) coherent, action = VC | TC
[2026-08-16 16:47:53.495] [trace] [gpu] [t6280] Make 1FA90000 -> 1FC90000 (2097152b) coherent, action = VC
[2026-08-16 16:47:53.498] [debug] [apu] [t9908] SDLCallback: no frames queued (silence)
[2026-08-16 16:47:53.498] [debug] [apu] [t9908] SDLCallback: no frames queued (silence)
[2026-08-16 16:47:53.507] [debug] [apu] [t9908] SDLCallback: no frames queued (silence)
[2026-08-16 16:47:53.507] [debug] [apu] [t9908] SDLCallback: no frames queued (silence)
[2026-08-16 16:47:53.545] [debug] [apu] [t9908] SDLCallback: no frames queued (silence)
[2026-08-16 16:47:53.545] [debug] [apu] [t9908] SDLCallback: no frames queued (silence)
[2026-08-16 16:47:53.545] [debug] [apu] [t9908] SDLCallback: no frames queued (silence)
[2026-08-16 16:47:53.549] [trace] [gpu] [t6280] Loaded tiled 1280x720x1 2D k_8_8_8_8 texture with 1 unpacked mip level, base at 0x1F360000 (pitch 1280, size 0x00398000), mips at 0x00000000 (size 0x00000000)
[2026-08-16 16:47:53.549] [trace] [gpu] [t6280] Make 1FA90000 -> 1FC90000 (2097152b) coherent, action = VC
[2026-08-16 16:47:53.549] [trace] [gpu] [t6280] Make 1FA90000 -> 1FC90000 (2097152b) coherent, action = VC
[2026-08-16 16:47:53.549] [trace] [gpu] [t6280] Resolve: 0,0 <= x,y < 1280,256, k_8_8_8_8 -> k_8_8_8_8 at 0x1F6F8000 (potentially modified memory range 0x1F6F8000 to 0x1F838000)
[2026-08-16 16:47:53.549] [trace] [gpu] [t6280] Make 1F6F8000 -> 1FA7D000 (3690496b) coherent, action = VC | TC
[2026-08-16 16:47:53.549] [trace] [gpu] [t6280] Make 1F6F8000 -> 1F93D000 (2379776b) coherent, action = VC | TC
[2026-08-16 16:47:53.549] [trace] [gpu] [t6280] Make 1F6F8000 -> 1F7FD000 (1069056b) coherent, action = VC | TC
[2026-08-16 16:47:53.549] [trace] [gpu] [t6280] Make 1F6F8000 -> 1FA7D000 (3690496b) coherent, action = VC | TC
[2026-08-16 16:47:53.549] [trace] [gpu] [t6280] Resolve: 0,0 <= x,y < 1280,256, k_8_8_8_8 -> k_8_8_8_8 at 0x1F838000 (potentially modified memory range 0x1F838000 to 0x1F978000)
[2026-08-16 16:47:53.549] [trace] [gpu] [t6280] Make 1F6F8000 -> 1F93D000 (2379776b) coherent, action = VC | TC
[2026-08-16 16:47:53.549] [trace] [gpu] [t6280] Make 1F6F8000 -> 1F7FD000 (1069056b) coherent, action = VC | TC
[2026-08-16 16:47:53.549] [trace] [gpu] [t6280] Make 1F6F8000 -> 1FA7D000 (3690496b) coherent, action = VC | TC
[2026-08-16 16:47:53.549] [trace] [gpu] [t6280] Make 1F6F8000 -> 1F93D000 (2379776b) coherent, action = VC | TC
[2026-08-16 16:47:53.549] [trace] [gpu] [t6280] Resolve: 0,0 <= x,y < 1280,208, k_8_8_8_8 -> k_8_8_8_8 at 0x1F978000 (potentially modified memory range 0x1F978000 to 0x1FA90000)
[2026-08-16 16:47:53.549] [trace] [gpu] [t6280] Make 1F6F8000 -> 1F7FD000 (1069056b) coherent, action = VC | TC
[2026-08-16 16:47:53.549] [trace] [gpu] [t6280] Make 1FA90000 -> 1FC90000 (2097152b) coherent, action = VC
[2026-08-16 16:47:53.571] [trace] [gpu] [t6280] Loaded tiled 1280x720x1 2D k_8_8_8_8 texture with 1 unpacked mip level, base at 0x1F6F8000 (pitch 1280, size 0x00398000), mips at 0x00000000 (size 0x00000000)
[2026-08-16 16:47:53.572] [trace] [gpu] [t6280] Make 1FA90000 -> 1FC90000 (2097152b) coherent, action = VC
[2026-08-16 16:47:53.572] [trace] [gpu] [t6280] Make 1FA90000 -> 1FC90000 (2097152b) coherent, action = VC
[2026-08-16 16:47:53.572] [trace] [gpu] [t6280] Resolve: 0,0 <= x,y < 1280,256, k_8_8_8_8 -> k_8_8_8_8 at 0x1F360000 (potentially modified memory range 0x1F360000 to 0x1F4A0000)
[2026-08-16 16:47:53.572] [trace] [gpu] [t6280] Make 1F360000 -> 1F6E5000 (3690496b) coherent, action = VC | TC
[2026-08-16 16:47:53.572] [trace] [gpu] [t6280] Make 1F360000 -> 1F5A5000 (2379776b) coherent, action = VC | TC
[2026-08-16 16:47:53.572] [trace] [gpu] [t6280] Make 1F360000 -> 1F465000 (1069056b) coherent, action = VC | TC
[2026-08-16 16:47:53.572] [trace] [gpu] [t6280] Make 1F360000 -> 1F6E5000 (3690496b) coherent, action = VC | TC
[2026-08-16 16:47:53.572] [trace] [gpu] [t6280] Resolve: 0,0 <= x,y < 1280,256, k_8_8_8_8 -> k_8_8_8_8 at 0x1F4A0000 (potentially modified memory range 0x1F4A0000 to 0x1F5E0000)
[2026-08-16 16:47:53.572] [trace] [gpu] [t6280] Make 1F360000 -> 1F5A5000 (2379776b) coherent, action = VC | TC
[2026-08-16 16:47:53.572] [trace] [gpu] [t6280] Make 1F360000 -> 1F465000 (1069056b) coherent, action = VC | TC
[2026-08-16 16:47:53.572] [trace] [gpu] [t6280] Make 1F360000 -> 1F6E5000 (3690496b) coherent, action = VC | TC
[2026-08-16 16:47:53.572] [trace] [gpu] [t6280] Make 1F360000 -> 1F5A5000 (2379776b) coherent, action = VC | TC
[2026-08-16 16:47:53.572] [trace] [gpu] [t6280] Resolve: 0,0 <= x,y < 1280,208, k_8_8_8_8 -> k_8_8_8_8 at 0x1F5E0000 (potentially modified memory range 0x1F5E0000 to 0x1F6F8000)
[2026-08-16 16:47:53.572] [trace] [gpu] [t6280] Make 1F360000 -> 1F465000 (1069056b) coherent, action = VC | TC
[2026-08-16 16:47:53.572] [trace] [gpu] [t6280] Make 1FA90000 -> 1FC90000 (2097152b) coherent, action = VC
[2026-08-16 16:47:54.118] [trace] [gpu] [t6280] Loaded tiled 1280x720x1 2D k_8_8_8_8 texture with 1 unpacked mip level, base at 0x1F360000 (pitch 1280, size 0x00398000), mips at 0x00000000 (size 0x00000000)
[2026-08-16 16:47:54.118] [trace] [gpu] [t6280] Make 1FA90000 -> 1FC90000 (2097152b) coherent, action = VC
[2026-08-16 16:47:54.118] [trace] [gpu] [t6280] Make 1